MET(GeV),#phi_{MET},light_jets_multiplicity,pT_{b_{1}}(GeV),#eta_{b_{1}},#phi_{b_{1}},Energy_{b_{1}}(GeV),Mass_{b_{1}}(GeV),#Delta R_{b_{1}#tau_{1}},#Delta #eta_{b_{1}#tau_{1}},#Delta #phi_{b_{1}#tau_{1}},#Delta pT_{b_{1}#tau_{1}}(GeV),#Delta #vec{pT}_{b_{1}#tau_{1}}(GeV),#Delta #vec{p}_{b_{1}#tau_{1}}(GeV),#Delta R_{b_{1}#tau_{2}},#Delta #eta_{b_{1}#tau_{2}},#Delta #phi_{b_{1}#tau_{2}},#Delta pT_{b_{1}#tau_{2}}(GeV),#Delta #vec{pT}_{b_{1}#tau_{2}}(GeV),#Delta #vec{p}_{b_{1}#tau_{2}}(GeV),pT_{#tau_{1}}(GeV),#eta_{#tau_{1}},#phi_{#tau_{1}},Energy_{#tau_{1}}(GeV),Mass_{#tau_{1}}(GeV),#Delta R_{#tau_{1}#tau_{2}},#Delta #eta_{#tau_{1}#tau_{2}},#Delta #phi_{#tau_{1}#tau_{2}},#Delta pT_{#tau_{1}#tau_{2}}(GeV),#Delta #vec{pT}_{#tau_{1}#tau_{2}}(GeV),#Delta #vec{p}_{#tau_{1}#tau_{2}}(GeV),pT_{#tau_{2}}(GeV),#eta_{#tau_{2}},#phi_{#tau_{2}},Energy_{#tau_{2}}(GeV),Mass_{#tau_{2}}(GeV),Q_{#tau_{1}}Q_{#tau_{2}},sT(GeV),mT(GeV)
14.388364791870117,1.0885220766067505,0,132.9230499267578,-1.2164713144302366,-0.1914401799440384,244.08843755783187,5.966670989990844,3.166745928626824,1.0019832849502561,3.0040488133775156,40.3607635498047,224.96941827702125,311.7381733111758,3.8194048097275526,-3.3269304037094107,-1.8760029822587967,104.74757957458496,143.92070182810008,350.1263554774142,92.56228637695311,-2.2184545993804927,3.0876963138580322,430.56615807450356,7.426899433133767,4.550634832095495,-4.328913688659666,1.403133511543274,64.38681602478026,92.14771275454508,542.8566696109497,28.17547035217285,2.110459089279174,1.6845628023147583,118.04300506435608,4.437141418457031,1.0,268.0491714477539,1675.5304711533665
7.686752319335938,-2.0639922618865967,1,36.46015548706055,1.7892394065856936,1.479196548461914,112.54451620266973,9.401106834411669,4.446474395351408,3.558278203010559,-2.6664190928088587,-22.259140014648438,92.65397072790546,288.53512072783997,4.467157844987176,3.231318712234498,-3.0844900051700037,10.39338302612305,62.50214863599968,170.00817479473272,58.719295501708984,-1.7690387964248653,-2.1375696659088135,177.51608156587133,10.482453346252571,0.5307407996103385,-0.3269594907760611,-0.418070912361145,32.652523040771484,36.466978491080475,120.78830229922085,26.066772460937496,-1.4420793056488042,-1.7194987535476685,58.23605873045719,1.8703238964081874,1.0,128.93297576904297,676.5894350884256
17.535940170288086,2.054271697998047,1,39.101097106933594,0.7791715264320371,-2.7021076679229736,51.838973438010946,5.143439769744851,2.517123971760117,2.3500099778175354,0.9018681685077112,11.112585067749023,30.901473224430774,102.81090881552021,4.192166002576504,2.9029183983802795,3.0244537631617945,12.689847946166989,65.40423055856682,156.78896770601244,27.98851203918457,-1.570838451385498,2.6792094707489014,70.64142829234837,7.604875564575255,2.1934168158747704,0.5529084205627441,2.1225855946540833,1.5772628784179652,47.49650216788915,65.0440312797747,26.411249160766605,-2.123746871948242,0.556623876094818,112.18489822926054,6.2612709999084295,-1.0,111.03679847717285,491.26098470444055
30.376586914062496,0.19162720441818237,3,65.05982971191406,0.4022880494594575,-0.34951770305633545,71.6439660299596,13.315458297729458,2.9503111886162174,-1.661107450723648,-2.4382489919662476,3.137340545654297,119.21566244867955,244.03187981441172,2.4811265200822787,2.292521685361863,-0.9488588571548461,38.5174674987793,54.08442363271373,125.0484032635831,61.922489166259766,2.0633955001831055,2.088731288909912,247.8233270389864,8.427640914916775,4.224862875807662,3.953629136085511,1.4893901348114014,35.380126953125,65.35743037051927,332.1706902777349,26.542362213134766,-1.8902336359024055,0.5993411540985106,90.16341159323702,7.245711326599121,1.0,183.9012680053711,1150.9736079673364
54.08694076538085,-0.9567498564720154,3,91.63284301757811,0.09463839232921606,1.7393641471862793,93.72710004183959,17.68511390686035,0.8136151605710874,-0.18715773522853846,-0.7917964458465576,-91.93452453613283,135.86037944557046,142.72505512341957,1.4310826326735449,1.4167122095823286,-0.20229685306549072,24.818161010742173,29.42179118391787,128.5098427311762,183.56736755371094,0.2817961275577545,2.531160593032837,192.10839437575325,21.47623062133806,1.7087739961026611,1.603869944810867,0.5894995927810669,116.752685546875,133.30936336570048,215.1141774882141,66.81468200683594,-1.3220738172531126,1.94166100025177,134.52987567456728,9.079102516174467,-1.0,396.10183334350586,1074.946815966342
20.769132614135742,-1.720150351524353,4,74.62261962890625,2.237863540649416,-0.4904284179210663,353.7565573060389,5.732123374938886,3.6432764933248807,2.2371060654986668,2.875555608664648,22.82794189453125,125.33710822389467,367.7289379604497,3.085343816511541,2.2956350483000296,2.0614087879657745,43.6907844543457,93.27603732024726,359.8364970593325,51.794677734375,0.0007574751507490638,2.917201280593872,52.47026279571135,8.392752647399902,0.8162479326049442,0.05852898280136281,-0.8141468206988733,20.862842559814453,37.944865911138464,37.9888342968718,30.931835174560547,-0.05777150765061374,-2.551837205886841,31.433901366081905,5.302346706390381,-1.0,178.11826515197754,475.61341778091054
15.492873191833496,2.141533613204956,1,47.73677444458008,-0.5644832253456117,0.23012176156044006,56.223284001729525,8.6983976364136,2.1844192639770936,-0.14665961265563993,-2.17949041724205,11.676746368408203,74.48284670389974,75.59027548621856,3.1249718622985196,0.10807836055755604,3.1231023371219635,16.60093116760254,78.86939633652422,79.08568919971131,36.060028076171875,-0.41782361268997176,2.4096121788024902,39.35915792368164,2.8792269229889214,1.0131402615798706,0.25473797321319597,-0.9805925528155726,4.924184799194336,31.938488530442196,32.70660547613587,31.13584327697754,-0.6725615859031677,-2.8929805755615234,39.292330825886175,8.105062484741211,1.0,130.425518989563,318.0882518622439
26.663454055786133,1.4842066764831543,0,55.43470764160156,0.7996419072151184,-0.4573632478713989,74.44592967500007,6.9298782348632155,2.844592620434253,0.20301556587219238,2.8373388687716883,11.361766815185547,98.37350363407536,100.65776123818057,1.6594660663788798,1.171570360660553,1.175266146659851,23.03166961669922,52.33335637573234,80.78088061227426,44.072940826416016,0.596626341342926,2.988483190536499,52.60704688743325,6.900033950805664,1.9236902360036492,0.9685547947883606,-1.6620727221118372,11.669902801513672,57.03264205110249,69.78486158944227,32.403038024902344,-0.3719284534454345,-1.63262939453125,34.84107063977268,3.4467544555664062,-1.0,158.57414054870605,179.92604209118784
115.39354705810545,0.8206980228424071,4,166.5150146484375,-1.574119448661804,1.6908650398254395,419.84184290820315,25.087530136107745,2.7843846860589685,-2.763913512229919,-0.33701658248901367,136.2824306488037,138.34483140966486,451.39295197123005,2.8220670148841003,-0.5153299570083616,2.7746165990829468,141.56916046142578,190.01081031459637,400.85517556413066,30.232583999633793,1.189794063568115,2.027881622314453,54.29379051600034,1.313808083534192,3.8390609608955755,2.2485835552215576,3.1116331815719604,5.286729812622077,55.17230432163021,94.49024315376495,24.945854187011715,-1.0587894916534424,-1.0837515592575073,40.57301653876387,4.830037593841529,1.0,337.0869998931885,1037.6350998944033
23.028053283691403,-0.4482259154319763,4,82.68934631347656,1.1902177333831787,2.2544479370117188,149.47574455527985,16.98080253601085,2.950989890634102,1.008476659655571,2.7733222246170044,-14.686492919921875,177.04159872764558,206.124378886504,3.733752974179417,2.8421875238418584,2.421338751912117,5.2191009521484375,149.89697273180522,351.579771486518,97.37583923339844,0.18174107372760775,-0.5188742876052856,101.55759605327715,22.69883918762207,1.8671871621485117,1.8337108641862874,-0.3519834727048874,19.905593872070312,36.348779063898675,215.54795220931388,77.47024536132812,-1.6519697904586796,-0.16689081490039825,209.66806573674256,8.006892204284611,-1.0,280.56348419189453,865.5477167250838
0.6394763588905333,2.004251003265381,1,55.3028450012207,1.450636029243469,0.9287364482879639,124.61104852082475,6.55997419357298,2.743869028448811,0.9601166546344755,-2.570407215748922,21.141342163085938,86.04696344085721,127.46395213178724,1.3134195002430769,0.9997502863407133,0.8518040552735329,26.623027801513672,42.32816068319114,106.84247039925246,34.161502838134766,0.49051937460899353,-2.7840416431427,38.52878783138578,3.6620652675628276,2.8612485492049538,0.03963363170623774,-2.860974036157131,5.481685638427734,62.228487221779304,62.36098863405807,28.67981719970703,0.4508857429027558,0.076932393014431,32.133859706742996,5.5848493576049805,-1.0,118.78364139795303,598.6632742365615
35.42240524291992,-2.043426990509033,1,78.61804962158203,2.168062686920167,0.08788753300905228,348.89103832548386,23.329256057739492,1.1087080963267237,0.3764084577560436,-1.0428568050265312,40.579345703125,67.93199750103389,238.07982092836485,0.7177483027720848,0.48356699943542547,-0.5304013416171075,50.90988731384277,56.48373670329427,272.9258270096167,38.03870391845703,1.7916542291641233,1.1307443380355835,117.61873470122481,8.994367599487305,0.5235394493569888,0.10715854167938188,0.5124554634094237,10.330541610717773,19.42942611346458,43.42378140832343,27.708162307739258,1.6844956874847414,0.6182888746261598,77.26135923661634,1.8061674833300208,1.0,179.78732109069824,1275.0163520477522
11.334932327270508,2.0655322074890137,2,95.91770172119139,1.2333813905715945,3.111100435256958,178.86069435240168,9.566328048706055,3.060176792431041,-0.09118902683258034,3.0588178373873234,19.288429260253892,172.40106310818825,173.2144840082971,2.2459760298982836,-1.0316375494003298,-1.9950268904315394,44.77272796630858,125.91499502134714,156.5231657321664,76.6292724609375,1.3245704174041748,0.052282597869634635,154.66563313344005,11.008378028869423,1.5478119018998473,-0.9404485225677495,1.2293405793607235,25.484298706054688,76.57083219808155,133.81725056469932,51.14497375488281,2.2650189399719243,-1.1770579814910889,248.9991275533533,4.864084243774788,1.0,235.02688026428223,1521.8181826439459
50.00042724609376,0.4639165699481964,1,44.14046478271485,1.0217624902725215,-0.5973105430603026,69.59156806074378,6.811457633972168,2.926238389598619,-0.4190876483917241,-2.8960726261138916,9.11064529418946,78.58240360787028,80.29045842402559,1.6317184654597239,1.297778874635696,0.989077925682068,14.570219039917,37.26150264643458,72.02245633825417,35.02981948852539,1.4408501386642456,2.298762083053589,78.282642543059,4.81825160980234,2.9492713245681674,1.71686652302742,-2.3980347553836268,5.459573745727539,60.21942414388627,98.62648028545173,29.57024574279785,-0.2760163843631744,-1.5863884687423706,30.83025747480687,2.7892985343933105,-1.0,158.74095726013184,221.95062453169922
29.236242294311527,0.39604741334915156,0,38.67333221435547,-1.6581966876983647,2.7984910011291504,105.27028050142158,3.911107778549303,2.3680444547022277,-0.26049733161926314,-2.353672806416647,-3.4883079528808594,74.65472269770194,76.73607038439766,2.1958922849365083,-0.5774536132812502,2.1186057329177856,4.968360900878906,63.16176264474729,83.02587977812617,42.16164016723633,-1.3976993560791016,-1.131021499633789,91.1242373704681,10.639924049377399,1.8384353690876312,-0.3169562816619871,-1.8109067678451538,8.456668853759766,59.912534413578086,69.96697791929856,33.70497131347656,-1.0807430744171145,0.6798852682113647,55.44762882985203,2.720752716064453,-1.0,143.77618598937988,149.04458135906006
9.51274585723877,2.0434765815734863,4,228.12089538574222,-1.3318097591400144,-1.7217642068862915,462.4386488357912,16.035306930542788,2.9735510722269356,-2.6297188997268677,-1.3880145847797394,186.3339653015137,224.3210601499706,523.2574033452735,2.2845890076347763,-1.9940040111541746,1.115031361579895,192.0274124145508,214.69463692697263,478.4928365956063,41.786930084228516,1.297909140586853,-0.33374962210655207,83.01957482116714,11.563961029052734,2.582512812967322,0.6357148885726929,2.5030459463596344,5.693447113037109,73.9662195296886,86.63760549654504,36.093482971191406,0.6621942520141602,-2.8367955684661865,44.90437247787493,7.33989810943605,-1.0,315.5140542984009,748.5194400131151
11.428223609924316,2.491328001022339,0,40.13679122924805,1.5496281385421748,2.9708073139190674,98.83657676589637,3.415205955505238,3.111074201574341,-0.39324128627777055,3.0861211866140366,12.101312637329098,68.14687637153226,68.3734945522304,2.6065755689802046,0.40418767929077104,2.5750472843647003,15.771308898925781,62.088268723739944,83.49825611689361,28.03547859191895,1.9428694248199454,-0.11531387269496918,99.94946967942097,4.784430027008033,0.9471480817106047,0.7974289655685416,-0.5110739022493362,3.6699962615966832,13.712830799132528,62.90517943526985,24.365482330322266,1.1454404592514038,0.39576002955436707,42.46408226531449,4.94180345535276,1.0,103.96597576141357,122.8199081704097
21.939985275268555,-1.4581760168075562,0,49.233020782470696,1.527021169662476,-0.9777530431747437,119.04171675779752,9.124428749084423,2.7117208086107825,0.3596521615982058,-2.687764883041382,-12.1351318359375,107.80052301598246,109.45228168386558,4.678968692543447,3.739813804626466,2.8118571678744715,15.963188171386712,81.42627947206006,270.77558087773787,61.368152618408196,1.1673690080642702,1.7100118398666382,109.15228016741104,14.739556312561065,3.4697930931924645,3.38016164302826,-0.7835632562637329,28.09832000732421,44.499744629215954,243.4015515327673,33.269832611083984,-2.21279263496399,2.493575096130371,153.96532139852036,5.033643722534541,1.0,165.81099128723145,936.1408860583844
15.168477058410646,1.2988873720169067,0,42.97473144531251,0.9698755145072933,-2.035297155380249,65.18918967946223,6.909966468811035,2.6726200125419037,1.6933267116546629,-2.0677384696900845,-4.268714904785149,77.55382597304764,115.63166183945555,2.177018308362149,1.0617112070322032,1.9005730787860315,-0.49962997436522727,70.33403850515907,87.78362739358215,47.243446350097656,-0.7234511971473696,0.032441314309835434,60.497794831907825,6.427929401397687,2.39949550206151,-0.6316155046224596,-2.3148737587034702,3.769084930419922,83.09103475017798,89.49333786785631,43.474361419677734,-0.09183569252490996,2.3473150730133057,43.858503186431136,4.190858840942383,1.0,148.86101627349854,402.7779524073154
38.207496643066406,1.977567434310913,0,41.77269744873047,0.6553130745887755,2.831630229949951,51.545609257204916,7.0032806396484375,3.299631372448395,2.389984309673309,-2.2749818007098597,4.125743865966797,72.10072623915343,151.04733976484061,3.094493917135527,-0.23452329635620117,3.0855941772460938,8.05292892456054,75.46321323114573,75.61247143487417,37.64695358276367,-1.7346712350845332,-1.1765732765197754,110.33070140295843,8.5949478149413,2.7819504216425623,-2.62450760602951,-0.9226093292236328,3.927185058593743,31.96058843924197,141.14305345772317,33.71976852416993,0.8898363709449767,-0.2539639472961426,47.978418049619826,0.6490167975427007,-1.0,151.34691619873047,304.86063235327236
5.908740997314452,-1.2185072898864746,1,36.00933837890625,-1.089322805404663,0.5851622819900513,59.830388305160234,5.553012847900391,3.187055798166389,-3.0541435480117793,-0.9107863903045654,-26.41830062866211,49.36902783277956,270.2961883821451,4.324277557057625,-3.1780753135681152,2.9324415922164917,8.184141159057617,63.49155274463698,170.35021544025142,62.42763900756836,1.9648207426071163,1.4959486722946167,227.23751066169692,9.387072563171339,2.443102705305022,-0.1239317655563359,-2.439957324658529,34.60244178771973,85.5858853832411,137.54454146497625,27.825197219848633,2.088752508163452,-2.3472793102264404,114.155355194805,4.543437480926689,1.0,132.1709156036377,970.3874197350268
10.005060195922852,-1.825160026550293,0,32.304527282714844,0.14130508899688726,0.2849118113517762,32.932599493809455,4.471825599670384,2.9459954560295794,1.022671401500702,-2.762794315814972,0.9864044189453125,62.485195993361835,72.06283250897937,1.7086360594892893,1.3483701944351199,1.0494450926780703,8.990949630737305,28.929310793130444,49.42180732798322,31.31812286376953,-0.8813663125038146,3.047706127166748,44.53418230965297,4.654453277587891,2.4923188676320676,0.32569879293441806,-2.4709458986865442,8.004545211791992,51.656133862877596,51.824356663456484,23.31357765197754,-1.2070651054382326,-0.7645332813262941,42.636724705623564,3.850035905838035,-1.0,96.94128799438477,158.87909109509036
22.615192413330078,-0.95527184009552,2,47.341888427734375,-1.2177840471267698,-0.1424970626831055,87.93219255514244,12.740316390991175,1.1504219225711034,-0.9778068363666533,0.6061059236526489,-55.900337219238295,69.75749402439506,84.66646285565841,2.6183064093489485,-1.4711276888847349,-2.1659436225891113,-19.833702087402344,101.58578501288888,135.8502879865017,103.24222564697267,-0.23997721076011647,-0.7486029863357544,106.91305931085883,12.071927070617562,2.815603691990106,-0.49332085251808155,-2.7720495462417603,36.06663513183595,167.6480072306238,172.88144905285944,67.17559051513672,0.2533436417579651,2.023446559906006,69.3931966250187,2.641293764114283,1.0,240.37489700317383,307.16075917443385
5.4063544273376465,2.427112102508545,4,69.84001159667969,-0.302257776260376,-0.6765900254249573,73.81491774325391,10.566884994506793,0.7598381092197848,0.4127228260040283,0.637976348400116,4.696342468261719,42.56592480033367,51.6271702217941,3.00981065055452,-1.825356721878052,-2.3931220173835754,34.5546875,98.66132479365345,139.415893554405,65.14366912841797,-0.7149806022644043,-1.3145663738250732,82.85499909339583,7.489429950714096,3.7678319184518596,-2.23807954788208,-3.0310983657836914,29.85834503173828,100.28931873908725,162.3873618457526,35.28532409667969,1.523098945617676,1.7165319919586182,85.12679063918218,7.858201503753706,-1.0,175.675359249115,1059.5006100310989
21.102352142333984,-1.3031575679779053,1,37.08824157714844,-0.8227546215057374,-2.585629940032959,50.53103223655554,4.086571693420354,3.332014010589619,-1.4555437564849856,-2.9972837269306183,-21.36507797241211,95.3054085262811,120.40567568954299,3.1334722229086336,-2.6123596429824834,1.7303829828845423,-9.033065795898438,63.61102656768596,179.91080049005427,58.45331954956055,0.6327891349792482,0.4116537868976593,70.97467984492839,7.733629703521655,1.9385203382991836,-1.1568158864974976,-1.5555185973644257,12.332012176513672,73.90259111434148,120.12943461307792,46.121307373046875,1.7896050214767458,1.967172384262085,142.25208025470477,9.745284080505138,1.0,162.76522064208984,375.50748732301463
30.72795677185059,2.0183207988739014,1,107.90235137939455,-2.398173332214357,-1.0070136785507202,598.637253330114,11.264511108395855,2.8851415559952938,-1.0661153793334972,2.680940095578329,59.040901184082045,153.2179985098758,525.4440081656642,2.262480166171164,-0.10856366157531827,-2.2598739862442017,67.25022125244142,137.38107742921508,413.6248832475917,48.8614501953125,-1.3320579528808596,2.595231533050537,99.69686641483105,11.665587425231973,1.6488983591623354,0.9575517177581789,1.3423712253570557,8.209320068359375,56.039774439601175,125.65389183761752,40.652130126953125,-2.2896096706390385,1.2528603076934814,203.14758288318225,13.486089706420493,-1.0,228.14388847351074,2361.618714331742
16.07666778564453,-1.5460960865020752,0,41.97913360595703,-0.8424614071846009,-2.2888362407684326,58.135112640329424,6.429330348968488,1.3400969803078053,1.2225889563560495,-0.5487587451934814,10.0648078918457,22.242303097855572,87.00077737378143,3.0469031965249065,-0.8415935687953607,2.9283680359469813,16.085107803344723,67.50949679311697,78.30616682976859,31.91432571411133,-2.0650503635406503,-1.7400774955749512,127.93911805748654,4.586570739746094,3.4835059851674304,-2.06418252515141,-2.8060585260391235,6.020299911499023,57.005591624380386,136.28253970839734,25.89402580261231,-0.0008678383892402322,1.0659810304641724,26.392529764364962,5.105345249176037,-1.0,115.8641529083252,1014.1975303123963
17.173503875732422,1.3939129114151,1,84.04653930664064,2.112494230270386,0.8451173901557922,353.1171506871383,19.72479438781729,3.2743330718876855,0.9402259588241582,-3.1364362279521387,-22.968696594238267,191.06114937386812,266.7709098926491,3.2211845740892624,2.660709381103516,-1.8156694769859314,55.18015861511232,95.25456828577812,371.4523573222877,107.0152359008789,1.172268271446228,-2.3016316890716553,190.4552639045523,20.377294540405362,2.1689831757752116,1.720483422279358,1.3207667509662073,78.14885520935059,103.71508768077781,201.58114213729178,28.866380691528317,-0.54821515083313,2.6607868671417236,33.727824626616034,5.2680840492248535,-1.0,237.10165977478027,1485.8054788353725
31.969955444335938,1.5612684488296509,2,36.817508697509766,0.04059785231947896,0.0365097001194954,37.43513328342308,6.604912281036377,1.7403576237469858,1.2911162935197353,-1.1669890210032463,-28.762889862060547,61.309791642259576,122.98536550807434,3.1897141711725396,1.3246807418763638,2.901637025177479,-1.8517990112304688,74.94449143394198,99.84053177296971,65.58039855957031,-1.2505184412002563,1.2034987211227417,124.45020306250444,11.709861755371016,2.214813602240447,0.03356444835662842,-2.214559260998861,26.911090850830078,94.02289415200251,102.43332889222438,38.669307708740234,-1.2840828895568848,-2.8651273250579834,75.21954773374244,2.4955549240114125,-1.0,173.03717041015625,913.3809008970101
25.90025329589844,-1.568400263786316,1,154.06617736816406,-0.20333172380924217,-2.0249674320220947,157.86155197766686,13.745229721069204,1.9254744747242258,-1.4039334207773206,-1.3177340030670166,67.87405395507812,156.5758575304555,225.11324630139077,2.4114044407687376,1.3280106633901596,-2.012773970142007,91.87887573242188,189.20817978352028,216.64409360277565,86.19212341308594,1.2006016969680784,-0.7072334289550781,156.95592860226583,15.958216667175265,2.8189712724412956,2.7319440841674805,-0.6950399670749903,24.00482177734375,55.34433980024796,272.93278526706746,62.18730163574219,-1.5313423871994019,-0.012193461880087852,150.6074553615529,5.3410215377806765,1.0,328.3458557128906,638.3340733589027
25.477787017822266,-0.8553694486618041,0,30.215866088867184,-0.7777618169784547,-1.3146188259124756,39.98693036053811,3.595659971237206,3.830458321225113,-2.658461213111878,2.7577155272113245,-6.056476593017582,65.27746265830159,156.39082281292184,2.465086651465518,-2.219310283660889,1.0729930400848389,-4.1851196289062536,33.22278438373783,100.24945348938282,36.272342681884766,1.880699396133423,2.210850954055786,121.82224390830353,5.363677978515795,1.741017919915622,0.43915092945098877,-1.6847224871264856,1.8713569641113281,52.75235679227146,71.007490520287,34.40098571777344,1.4415484666824343,-2.3876118659973145,77.11378765704977,7.172280311584473,-1.0,126.36698150634766,585.6142875945729
6.4559478759765625,2.5499250888824463,0,31.631278991699222,1.1386237144470213,0.5334060788154602,54.60883229832688,4.175864696502767,2.0331728403741653,-0.7846648693084719,1.8756579756736755,-20.43385696411133,68.55639485345772,146.99516580839213,1.9346494502932328,0.34278541803359963,-1.9040395617485046,3.7393913269043004,48.53538913261445,52.382099187151525,52.065135955810554,1.9232885837554932,-1.3422518968582153,182.0454165865931,5.7052025794984305,2.745650226039841,1.1274502873420715,2.503487769757406,24.173248291015632,76.29952441867042,168.05147073982357,27.891887664794922,0.7958382964134216,2.437445640563965,37.65920326842566,5.857873439788838,-1.0,118.04425048828126,792.4396209490333
15.63186454772949,2.995530605316162,0,36.16526412963867,-2.3053374290466326,-1.1054447889328003,183.27265460903286,7.280364513397201,3.1912466028248994,-0.8391251564025897,-3.078948497772217,-8.932151794433594,81.22330270331486,119.04149173088538,2.363760659039037,-2.237158119678499,-0.7632090151309967,3.309253692626953,25.8870441606769,179.15966529280345,45.097415924072266,-1.466212272644043,1.9735037088394165,103.19094941347839,7.702584266662421,2.7050222767787786,-1.3980329632759094,2.31573948264122,12.241405487060547,71.5702513545449,115.18626753373142,32.85601043701172,-0.06817930936813353,-0.3422357738018036,33.57964968648967,6.561221122741717,1.0,129.75055503845215,183.45543485617512
61.831016540527344,-0.6157768964767456,0,38.68284606933594,-2.4135355949401864,-2.407167673110962,217.97942214109554,7.783778190612734,3.0016632656020557,-2.488724596798421,1.6781633535968226,-4.331516265869141,60.854019731650006,225.96407926086346,2.3654911424644944,-0.6986805200576782,2.2599543968783777,6.836812973022461,63.85316136828622,143.7394536213753,43.01436233520508,0.07518900185823442,2.1978542804718018,43.75474523351741,7.332294464111328,1.882216410171067,1.7900440767407426,0.5817910432815552,11.168329238891602,23.988816130485166,92.01936055378077,31.846033096313477,-1.7148550748825082,1.6160632371902466,91.3919063734343,3.303139925003112,-1.0,175.37425804138184,822.0253809916123
90.86188507080078,-2.842780590057373,3,48.38749313354492,0.7260259985923767,-0.400120347738266,61.94777562776557,5.417091369628906,1.852559064166489,1.7694323658943174,-0.5487113893032074,-187.5495185852051,196.28229039998476,385.37392997139824,2.345223394991604,-0.6414245963096616,2.255803018808365,-18.482723236083984,104.43785897930056,134.29503002183088,235.93701171875003,-1.0434063673019407,0.1485910415649414,377.41741183396755,26.97661590576172,3.698314799677388,-2.410856962203979,2.8045144081115723,169.06679534912112,299.8607983276967,512.8641681625845,66.8702163696289,1.3674505949020384,-2.655923366546631,139.81214548082966,3.7577743530273438,1.0,442.0566062927246,1239.0685584406674
8.877732276916504,0.04941586032509804,3,70.87285614013672,-1.3284120559692383,2.1214487552642822,143.4021725835664,8.311570167541449,1.3275502151052487,-1.279136285185814,0.35524630546569824,41.816986083984375,44.78636831081644,130.857490942617,2.8233084173480885,-0.371306836605072,2.7987857460975647,44.505754470825195,96.11527960858518,135.22395505450422,29.055870056152344,-0.04927577078342443,1.766202449798584,29.38480047458676,4.143832206726074,2.6067296188200855,0.9078294485807419,2.4435394406318665,2.6887683868408203,52.0894179493129,59.06106218050343,26.367101669311523,-0.9571052193641663,-0.6773369908332826,39.953427914871035,6.659991741180403,1.0,135.1735601425171,519.4896916718029
46.85292053222656,1.585033655166626,0,100.73072052001953,1.1139366626739502,-1.653860330581665,170.40271346083307,12.240530014038235,2.3617805998875774,-0.4105077981948857,2.3258312384234827,60.19232177734375,131.8595772110176,140.40036954781348,2.280220905727233,0.6240819692611692,-2.19315505027771,61.330184936523445,127.7747303854781,173.12425073206194,40.53839874267578,1.524444460868836,2.3034937381744385,97.51819206480447,1.79837107658372,2.04518316141242,1.034589767456055,1.7641990184783936,1.1378631591796946,61.723079790826176,92.27530977617756,39.40053558349609,0.48985469341278093,0.5392947196960449,44.52469407916971,5.173976898193359,1.0,227.52257537841797,246.29366427137307
106.07977294921876,1.1188957691192627,0,87.06427001953125,1.1380625963211057,-3.072356939315796,150.69439423717338,16.38612174987793,2.631688275470412,0.7224480807781217,-2.5305833220481873,-37.18881225585939,201.8425307753801,213.2334149079441,1.8313095658324814,1.6462209820747373,-0.8022787570953369,-6.812141418457031,70.92925307679887,185.76058576724256,124.25308227539064,0.415614515542984,-0.5417736172676086,135.6520378835704,11.776318550109824,1.9596920784671321,0.9237729012966156,1.7283045649528503,30.376670837402358,167.06562585498543,196.22548483968697,93.87641143798828,-0.5081583857536316,-2.270078182220459,107.33483295637627,15.151135444641143,1.0,411.2735366821289,1293.8841241414266
16.71084976196289,-2.502506732940674,0,102.60602569580078,-0.0067791589535773425,1.0075405836105347,104.84768539909548,21.553579330444336,3.1800594878549564,-0.7443126090802251,-3.0917272011386316,-7.7783050537109375,212.9242464237505,231.0440703068235,1.601672194923689,1.5426812521181998,-0.43068361282348633,74.5457592010498,77.99304709020194,99.87820716087872,110.38433074951172,0.7375334501266477,-2.18391752243042,142.16029575690487,10.223247528076172,3.5087738456720783,2.286993861198425,2.6610435883151453,82.32406425476074,135.8870414769465,203.9478716948906,28.060266494750977,-1.5494604110717771,1.438224196434021,69.18755176027325,4.417696475982537,-1.0,257.76147270202637,720.1553979266305
35.43866729736328,1.8868298530578613,0,63.9201774597168,-0.7406325936317444,1.249790906906128,82.45530092222597,5.55995798110968,2.452772926430841,0.3134078383445742,2.432667374610901,-84.65866470336914,201.44321018535638,242.7587425644622,2.156661738125922,-2.0084936022758484,-0.7855846881866455,36.29690361022949,48.49994938104851,108.43029554656879,148.57884216308594,-1.0540404319763186,-1.182876467704773,240.2090391837816,23.62347412109375,3.845132259425339,-2.321901440620423,3.06493324438204,120.95556831359863,176.13369435759765,291.6437239824644,27.623273849487305,1.2678610086441042,2.0353755950927734,53.32768750796842,6.224565029144306,-1.0,275.5609607696533,372.0625135072036
22.5194149017334,-2.1457979679107666,0,31.595375061035153,-0.6758348941802979,-0.4220486879348755,39.280493159612554,3.86506772041323,0.6049344730750922,-0.36375451087951655,-0.4833511896431446,-4.85697174072266,16.95487915138031,20.461618426863936,2.588601963817196,-0.6996001061052084,-2.4922720193862915,8.650178909301754,51.764918057483264,56.87493870298905,36.45234680175781,-0.3120803833007813,0.06130250170826911,38.37791744538427,3.227972984314,2.036800226828442,-0.3358455952256919,-2.008920829743147,13.507150650024414,50.64516457259215,52.072175732447796,22.9451961517334,0.023765211924910577,2.070223331451416,23.663888303088534,5.761959552764893,1.0,113.51233291625977,387.69434637419107
10.627089500427246,-3.0221140384674072,0,44.44662094116211,-0.15274812281131742,-2.338310956954956,45.87050125189544,9.063596725463855,2.696077188300397,0.6521252840757372,-2.6160207986831665,-6.713527679443359,92.34106140072694,100.22120755689456,1.994954912482322,0.5934733003377917,1.9046350161181849,14.966440200805664,60.854558293993406,63.261043814697416,51.16014862060547,-0.8048734068870547,0.2777098417282105,68.99056594331273,6.890454769134505,1.763505108214738,-0.05865198373794556,-1.7625294923782349,21.679967880249023,63.727959253166546,67.31205196654395,29.480180740356445,-0.7462214231491091,2.0402393341064453,38.44781009959657,5.332865238189697,-1.0,135.71403980255127,153.03338772536256
48.87007522583007,2.8661277294158936,3,192.21127319335938,0.7469248175621034,0.9189828634262084,249.02587570374214,18.091518402099812,1.5327115400625666,-0.7257930636405946,1.349973738193512,-142.924072265625,347.91113217199484,638.222767883816,2.7003011780503767,-0.7963728308677677,-2.580197040234701,104.97274017333984,270.0829173044996,272.6771156187908,335.1353454589844,1.472717881202698,-0.4309908747673035,770.7310843925983,48.58565902709946,2.354072827262761,-0.07057976722717307,2.3530145287513733,247.89681243896484,401.42437767929965,639.2816821657805,87.23853302001953,1.543297648429871,-2.7840054035186768,214.6113488994259,22.215496063232422,1.0,663.4552268981934,3308.8233308748086
67.27365112304686,1.4736956357955933,2,298.04119873046875,-0.532122313976288,-2.04349684715271,342.62593452007485,30.76290321350068,3.337909754883157,-1.5429370999336247,2.9598963896380823,53.28779602050781,540.5778135883563,708.4605405160194,3.1173860833709166,-1.7232584357261658,-2.5977829694747925,269.14542388916016,323.1146505710144,385.00197535557083,244.75340270996094,1.0108147859573366,1.279792070388794,383.6534080903231,46.64653015136719,0.747579203042851,-0.18032133579254128,0.7255059480667114,215.85762786865234,223.95682033951942,334.5879542047843,28.895774841308594,1.191136121749878,0.5542861223220825,52.20799990656429,5.32496404647825,1.0,638.9640274047852,1621.2314888610224
11.32643222808838,0.010050505399703978,0,45.568626403808594,-0.47058072686195374,1.8542855978012085,50.96172120325148,5.079698085784934,2.2208505629108366,-0.42211494594812393,2.1803660690784454,19.075912475585938,64.50337276723884,67.82318613351762,2.507009500345123,-1.0673260390758514,-2.268460218106405,20.80107879638672,64.34323565778016,74.6842578439461,26.492713928222656,-0.0484657809138298,-0.326080471277237,26.90966960962508,4.5405402183532715,1.9445231726392782,-0.6452110931277276,1.8343590199947357,1.7251663208007812,40.70851416810743,44.09915286992866,24.767547607421875,0.5967453122138978,-2.1604394912719727,29.618467957127443,4.264196395874023,-1.0,108.1553201675415,671.9010140458385
93.83045196533203,2.825897216796875,0,31.207086563110348,1.8891465663909914,0.5293235182762147,105.75961230975686,6.547149181365949,3.3854279960136107,3.0891294479370117,1.385063886642456,-45.909109115600586,77.66571871183203,230.70560227770014,3.358787429846538,2.724028825759888,-1.964973270893097,-7.522249221801761,58.328280336453055,148.95707269359096,77.11619567871094,-1.1999828815460205,-0.8557403683662415,140.18797652157784,12.507822990417445,2.955783573280415,-0.3651006221771239,2.9331481496440333,38.38685989379883,115.28611649703276,140.42558113160018,38.72933578491211,-0.8348822593688966,2.4942967891693115,53.04776943062955,1.391026258468771,1.0,240.88306999206543,923.2141928918721
16.985761642456055,-1.8332059383392334,3,55.63189315795898,-0.7706575393676758,-2.159289836883545,73.79134026731772,10.87131118774414,0.6197824112031833,0.4239640235900879,-0.4520893096923828,9.212650299072251,24.57123514150129,33.230444528941916,2.4935888635834367,-0.4100935757160187,-2.4596358835697174,29.092647552490227,78.04910315589274,86.57619627098616,46.419242858886726,-1.1946215629577637,-1.707200527191162,84.02907261980376,7.720798969268725,2.1739124465458333,-0.8340575993061066,-2.0075465738773346,19.879997253417976,62.460263246569745,86.49865353678234,26.53924560546875,-0.3605639636516571,0.3003460466861725,28.66358915478744,4.654529571533191,1.0,145.5761432647705,886.1930882236168
20.753753662109375,2.3679234981536865,1,32.162879943847656,1.263014793395996,-0.6148360371589661,61.50007359698579,3.273981094360421,1.3687202351960022,0.7754114270210266,-1.1278883814811707,-4.258563995361328,36.83620446771633,50.02446012531844,1.6802775537108643,1.1776643469929695,1.1985154747962952,3.3303203582763707,34.51297644243037,60.63415561801637,36.421443939208984,0.4876033663749694,0.5130523443222046,40.99688528342503,3.6099603176116863,2.360924038195346,0.4022529199719428,2.326403856277466,7.588884353637699,59.983684927078734,62.08286842823265,28.832559585571286,0.08535044640302662,-1.8133515119552612,28.967901600823364,1.3237149715423369,1.0,118.1706371307373,644.1423708634989
78.86622619628906,1.2468434572219849,3,73.46464538574219,1.1545979976654053,2.223397731781006,128.76020732048215,12.8256511688231,2.3022634668874113,-1.0416948795318608,-2.0531168619738978,-33.19242858886719,155.0534924974057,399.8973243109392,1.940798867147779,0.29708051681518566,-1.917926851903097,24.324615478515625,101.33155699657411,116.4936279157401,106.65707397460938,2.196292877197266,-2.0066707134246826,486.01949856992064,23.710769653320312,1.345583851228579,1.3387753963470463,0.13519001007080078,57.51704406738281,58.342551014540476,430.05876649092016,49.14002990722656,0.8575174808502196,-2.1418607234954834,68.901387325701,8.762974739074707,-1.0,308.1279754638672,2488.5469056003376
7.499957084655762,-1.2846524715423584,0,40.13711929321289,0.5988333225250244,1.1228070259094238,47.79009660888769,4.770715236663794,3.132321512111982,-0.9205775260925291,2.9939898252487183,-0.3484458923339844,80.4032265007603,101.88205662824602,0.8961708036210537,-0.289740025997162,-0.8480405807495117,8.385259628295895,30.548614172727113,31.248814266360018,40.485565185546875,1.5194108486175535,-1.8711827993392944,97.02463737757328,4.284443855285751,2.521347497487867,0.6308375000953671,2.4411549011813563,8.73370552062988,67.91857887535468,88.02428471257781,31.751859664916996,0.8885733485221864,1.9708476066589355,45.60369103329733,6.530495166778547,-1.0,119.87450122833252,543.4470094917772
6.272605895996094,-0.778134822845459,1,53.92790603637695,-0.8427269458770753,-2.0851571559906006,74.64444433358217,7.780064582824707,1.1121461221843247,-0.6271665394306185,-0.918439507484436,4.501495361328125,45.98904577571278,61.13680766302295,2.80645770168499,-0.8736441805958749,2.667011562977926,17.52977752685546,87.89161082265765,102.19634849827906,49.42641067504883,-0.21556040644645685,-1.1667176485061646,51.15636734710857,7.662828922271744,2.7089705128610486,-0.24647764116525644,-2.697734236717224,13.028282165527337,83.76875946834724,84.60452760088866,36.39812850952149,0.03091723471879958,1.5310165882110596,36.684032971709044,4.430321216583252,1.0,146.02505111694336,417.8323728902804
11.292508125305176,2.812105894088745,1,41.498626708984375,0.4629680514335631,2.350687265396118,46.18822072124989,3.867338895797781,2.6764704853184096,-0.6438531279563905,-2.59787363210787,-3.5398025512695312,83.36424940233479,92.79674701266431,0.6564955575725061,0.6527475118637083,-0.07005071640014648,7.460426330566406,7.911169263667695,27.56453102142036,45.038429260253906,1.1068211793899536,-1.3346244096755981,76.36890440462737,11.08899688720699,2.840961441547383,1.2966006398200989,2.5278229157077234,11.000228881835938,75.45531949800102,101.02006430139598,34.03820037841797,-0.1897794604301452,2.4207379817962646,34.67562921703142,1.2523622512817383,-1.0,131.86776447296143,330.55916159022814
7.633487224578857,-2.4929487705230713,2,37.530006408691406,2.3568105697631827,-1.2368298768997192,200.06441170169055,8.49822902679438,3.6488573018825408,2.4317567497491828,-2.7204262018203735,-99.72686004638672,172.19216863189067,268.96879817079514,3.3354956901590955,3.2305827140808097,0.8299800157546997,-65.75989532470705,82.7340236209308,309.7644137018991,137.25686645507812,-0.07494617998600006,1.4835963249206543,138.76994813070607,17.653129577636822,2.847139700448509,0.7988259643316269,-2.732779089604513,33.96696472167967,235.63985566183402,252.9212862223056,103.28990173339845,-0.873772144317627,-2.066809892654419,147.733946547407,26.744184494018622,1.0,285.7102618217468,740.5537503335402
37.00276184082031,-1.6381474733352661,0,45.11585235595704,-2.4593029022216784,0.5140358209609985,265.7992078424699,3.123125076295693,2.5106813298832025,-0.16502285003661887,2.5052521228790283,15.777389526367195,70.88943715963212,137.59117362265718,1.7322325313623788,-0.2590563297271715,-1.7127519845962524,16.928232192993168,56.4785189454401,147.49823032587702,29.338462829589844,-2.2942800521850595,-1.9912163019180298,146.98102473668501,2.588476181030976,2.067320895002715,-0.09403347969055265,2.0651811997043055,1.150842666625973,49.39713179242578,52.68941712575657,28.18762016296387,-2.200246572494507,2.226787805557251,128.80974800244357,2.286814212800216,-1.0,139.64469718933105,1870.248942261628
59.161537170410156,-0.7442640662193297,1,30.79326438903809,-1.3997998237609863,-2.3047120571136475,66.31059095495618,3.4371898174286466,3.6904993152288372,-3.5087800025939955,1.1437867323504847,6.081277847290043,30.472952117677696,161.8330900877205,0.8997224549545645,-0.8765634894371034,0.20282244682312012,7.603742599487308,9.332280170499455,46.86999520390388,24.711986541748047,2.108980178833009,2.834686517715454,103.38635441039742,3.9498462677001953,2.7953492731273943,2.632216513156892,-0.9409642855273646,1.5224647521972656,21.756887784940382,115.08200761651965,23.18952178955078,-0.523236334323883,-2.5075345039367676,26.99947373923322,5.482494831085216,-1.0,137.85630989074707,603.5446765886726
8.393512725830078,0.7358490228652954,0,42.82588577270508,1.8768104314804077,-2.5315706729888916,143.40428812675515,8.353356361388888,3.1239018460639327,0.7259689569473267,-3.03837651014328,18.1820011138916,67.38646867976234,121.87891757697291,3.231388771761589,1.756462849676609,2.7123258749591272,18.889341354370117,65.3544883748391,148.8340123840029,24.643884658813477,1.150841474533081,0.5068058371543884,42.97025271339583,3.263716459274318,1.1599378109434146,1.0304938927292824,-0.532482922077179,0.7073402404785156,12.800064270957867,34.61542170653435,23.93654441833496,0.12034758180379868,1.0392887592315674,24.348735732273795,3.40061306953431,-1.0,99.7998275756836,916.0827598826719
18.684226989746094,-1.720523715019226,1,56.11381149291992,-0.7114782333374022,-2.2723214626312256,71.9490983610123,12.092867851257324,2.5729112687759215,0.0725853443145753,2.571887199078695,-29.919902801513672,136.6782738227469,140.19515932550667,2.482436297800011,-1.4637778401374817,-2.0049549639225006,31.481195449829105,70.13122040289723,94.74720035984352,86.0337142944336,-0.7840635776519775,1.4389766454696655,114.98640753975806,16.045412063598576,2.296087707432854,-1.5363631844520569,1.7063431441783905,61.40109825134277,92.63541105739331,132.62593698108466,24.632616043090817,0.7522996068000793,-0.267366498708725,32.5621295245587,6.344287395477277,-1.0,185.46436882019043,338.5461863472972
16.610746383666992,0.2881048917770386,3,31.59030151367188,0.7489019036293028,-1.339167833328247,41.626570054821386,7.895444869995117,2.3605013383983438,-0.6509301066398618,-2.2689769864082336,-9.204113006591793,65.71878690231196,83.64064602768399,2.304060093367592,-0.01186788082122825,2.3040295282946985,5.8133144378662145,52.46318652704306,52.64527620120235,40.79441452026367,1.3998320102691646,0.9298091530799866,88.16027623395385,8.683410644531198,1.8256812511238574,0.6390622258186336,-1.710178792476654,15.017427444458008,51.19400677211747,75.95691278311058,25.776987075805664,0.760769784450531,2.6399879455566406,34.102522800495855,5.814034938812256,-1.0,114.7724494934082,332.5557530529689
14.226040840148926,-2.5376718044281006,4,68.97736358642578,-0.840936005115509,-0.23889951407909388,95.22856682313001,8.610924720764002,1.3615893388168148,0.04554104804992665,1.3608275204896927,-2.4512710571289062,88.35202569260042,88.61771501122216,1.3415896671086902,1.1478890776634214,-0.6944159418344497,4.969367980957031,45.49204958462641,170.56210452987932,71.42863464355469,-0.8864770531654357,-1.5997270345687866,101.63154887500619,7.129173755645736,2.3322085815421576,1.1023480296134949,-2.0552434623241425,7.4206390380859375,116.00695252078195,195.63274363459954,64.00799560546875,-1.9888250827789304,0.4555164277553558,238.47182671930173,10.706774711609183,-1.0,218.64003467559814,499.633507680152
1.9442373514175415,1.0572887659072876,1,46.70466995239258,1.0311057567596433,1.377485752105713,73.92506979129337,4.095616340637207,3.8997401299924,2.4516308307647705,3.0327346324920654,4.83287048339843,88.44568793673669,164.54919053624266,2.137959607129914,2.084552764892578,0.47488003969192505,21.650772094726562,26.97614246153146,92.719767264928,41.87179946899415,-1.4205250740051272,-1.6552488803863525,92.0945793697777,8.323454856872614,2.5840600659336928,-0.3670780658721926,-2.5578545928001404,16.817901611328132,64.2776815804008,81.46503786294642,25.053897857666016,-1.0534470081329346,0.9026057124137878,40.500412074422314,4.124726295471219,1.0,115.57460463047028,309.50607392183474
6.14046573638916,-2.334951400756836,0,45.943500518798835,1.9778090715408314,1.8935061693191528,169.26564571667421,4.9583353996276625,2.3909551229091233,0.38752841949462846,-2.3593406120883387,8.114242553710945,77.50802513805114,107.10112944024745,3.344347734591953,2.9455987215042105,1.583701342344284,15.344100952148448,55.52848234781115,204.95902870958687,37.82925796508789,1.590280652046203,-2.0303385257720947,96.91529941185355,7.369252681732039,3.466986383219466,2.558070302009582,-2.3401433527469635,7.2298583984375036,63.070727624589935,138.56645209087696,30.599399566650387,-0.967789649963379,0.30980482697486883,46.26477104009962,4.093285083770724,-1.0,120.51262378692627,318.01088870979106
5.819851875305177,3.12296199798584,2,82.63411712646484,0.2815467417240142,-1.6508831977844238,87.63189680487712,17.181985855102514,2.0101599927168143,-1.9859407842159271,-0.31109869480133057,30.492019653320305,36.652676938504975,228.40476320783822,2.970849480424802,-0.7581097781658173,-2.872493028640747,32.2212028503418,131.91535882586157,137.5041389812541,52.14209747314454,2.2674875259399414,-1.3397845029830933,254.4927963873716,6.122857093811555,2.840477057263919,1.2278310060501099,-2.5613943338394165,1.7291831970214915,98.27104829742245,210.93143254923046,50.41291427612305,1.0396565198898315,1.2216098308563232,80.565832155436,7.643345355987593,-1.0,191.0089807510376,544.447648096451
28.361661911010742,2.0762290954589844,1,118.08057403564453,2.16379404067993,-1.7548433542251587,521.0366191056531,19.394466400146108,2.9671521940582126,1.0642449855804423,2.76972467104067,-38.48754119873047,270.00860874462467,402.20975109981555,1.5792022115592073,1.5105390548706037,-0.4605989456176758,65.43866729736328,74.68466646325913,476.1163791144962,156.568115234375,1.0995490550994875,1.7586172819137573,261.42935092484606,12.242729187011719,3.0853108267621554,0.44629406929016135,3.0528616905212402,103.92620849609375,209.0549801590569,270.7905359193966,52.64190673828125,0.6532549858093262,-1.294244408607483,65.5675132591158,12.933155059814453,-1.0,355.6522579193115,1960.7428119277913
60.56303024291992,-1.3915505409240723,0,39.54060745239258,-0.5969461798667907,0.28483581542968744,47.158264875784816,5.823167800903281,3.222139312967881,-2.679546058177948,-1.789473295211792,-8.092853546142578,68.1879291537701,223.83838364950063,2.981169814954936,0.36887162923812844,-2.9582608381854456,4.426788330078125,74.34210342123048,75.72518901506729,47.633460998535156,2.0825998783111572,2.0743091106414795,194.28527155416873,8.38448429107704,3.2647993380239417,3.048417687416076,-1.1687875429736536,12.519641876220703,46.83015747769648,232.37403779956344,35.11381912231445,-0.9658178091049191,-3.040088653564453,52.904101044467495,3.2483439445495255,1.0,182.8509178161621,328.3078750740345
4.434412002563477,0.24676138162612912,4,55.318992614746094,2.1387364864349365,-0.9960255026817322,238.104904900788,5.033285617827443,3.463782460005411,1.6615486443042755,3.0392507354365748,-54.72332763671875,165.16858200311745,242.10045867037158,3.2874927048786238,2.937355160713196,-1.4763309061527252,6.738616943359375,70.09466896782213,283.3951072298953,110.04232025146484,0.477187842130661,2.2479090690612793,123.77791296693218,15.443998336791992,2.179932335169989,1.2758065164089203,1.7676036655902863,61.461944580078125,128.68578474127173,161.49968992770738,48.58037567138672,-0.7986186742782594,0.48030540347099304,65.27076121637455,6.819261550903254,1.0,218.37610054016113,649.3365915755967
21.421747207641598,1.4660402536392212,2,86.78822326660156,-1.0312973260879517,-2.116440773010254,138.0235683401054,15.241336822509885,2.382187037149291,-1.4880059957504272,-1.8602831065654755,22.301666259765625,122.00806994903901,183.24523730363177,2.230665678579113,-1.9225704669952393,-1.1311905980110168,40.257877349853516,79.1202838165567,172.61988740506266,64.48655700683594,0.4567086696624757,-0.25615766644477844,72.20322561428874,11.19752025604248,0.8487768644929692,-0.4345644712448119,0.7290925085544586,17.95621109008789,42.988901902466765,46.11795841520228,46.53034591674805,0.8912731409072876,-0.9852501749992371,66.59859113675007,6.630477428436193,-1.0,219.22687339782715,883.0923065471111
7.595454692840577,-2.851186513900757,1,61.78744888305664,1.0560826063156128,-0.6940847039222717,99.99035632281355,9.186764717101902,1.7902170887679398,1.4822359383106232,-1.003919243812561,28.34339141845703,52.123454957935934,106.40531210300493,3.1350731538302568,1.5568786263465881,2.7211785356151026,38.765743255615234,83.33581685872983,122.7264480395109,33.44405746459961,-0.42615333199501043,0.3098345398902893,37.25285384463656,7.317381858825684,2.559176299225432,0.07464268803596491,-2.5580875277519226,10.4223518371582,54.16261538718273,54.22840751198954,23.02170562744141,-0.5007960200309753,2.867922067642212,26.360195620661127,4.522010803222656,-1.0,125.84866666793823,662.9737926466023
19.74789047241211,0.7671231627464296,1,33.77252197265625,-0.013042403385043156,-0.0531533733010292,34.53976293562819,7.226199150085449,1.6831893025321023,-1.3503762017935514,-1.004793681204319,-58.99340057373047,79.91210716977677,183.26967906306518,2.8340722026664533,-0.9681602846831087,2.6635748371481895,-8.089202880859375,73.50914754851478,87.13499466258466,92.76592254638672,1.3373337984085083,0.9516403079032898,189.51936853575685,15.979649543762179,2.6426039897087357,0.3822159171104428,-2.6148167888270777,50.904197692871094,130.6586911413195,176.15245827348184,41.861724853515625,0.9551178812980655,-2.7167282104492188,62.775096721495444,6.357619762420601,1.0,188.1480598449707,477.2545951241349
235.1009979248047,0.6525297164916993,4,204.7596588134766,0.24753981828689572,-1.5852935314178467,213.44711323659303,31.798734664916935,1.3886611972424483,-1.1808837056159975,0.7306802272796631,29.552764892578153,138.5273167087937,324.35826507139535,1.5900997727766497,0.0666285902261734,1.588703219090597,97.64810943603518,232.77635680151826,234.92787718702925,175.20689392089844,1.4284235239028933,-2.3159737586975098,386.9759699070713,19.404159545898438,1.5140972170747788,1.247512295842171,0.8580229918109339,68.09534454345703,132.76287130814416,351.08127123703105,107.1115493774414,0.18091122806072232,3.1091885566711426,110.80572296494245,20.62559700012207,1.0,722.1791000366211,2341.641344962802
57.22085189819336,-2.4194540977478027,1,49.10881805419922,-0.48169711232185347,2.1176867485046387,55.32232806737237,6.6824860572814435,2.9073282664095346,-0.9254165887832642,2.7561135292053223,-12.43718338012696,108.63196748058087,120.78178333773975,2.025401893357764,-0.17036393284797646,2.018224209547043,24.591670989990234,63.6756626829125,65.86077705277674,61.54600143432618,0.44371947646141063,-0.6384267807006836,68.84339435873399,12.468515396118164,1.0557391540057093,0.7550526559352877,-0.7378893196582794,37.028854370117195,46.433958409347284,58.7369582639116,24.517147064208984,-0.311333179473877,0.09946253895759584,25.984052797121944,3.729726076126091,-1.0,192.39281845092773,373.9210649362695
72.47914123535156,1.3151739835739136,4,167.96148681640625,0.6283921003341676,-2.952518939971924,207.74027211789613,47.532726287841875,2.1411455780707724,-1.55263125896454,1.474394981061117,142.5795192718506,167.43542861074724,167.44385901910115,1.9942860107995006,-1.4469841718673706,-1.3723751306533813,144.64458084106445,164.95680251538533,166.31407693869332,25.381967544555668,2.1810233592987074,1.8562713861465454,113.81727624754845,0.4415689408797398,2.848729782896773,0.1056470870971693,-2.8467701117144983,2.065061569213867,48.1716706014033,51.9779001547619,23.3169059753418,2.075376272201538,-1.5801438093185425,94.48749736163371,5.049450397491433,-1.0,289.1395015716553,1167.6836932214521
103.6883316040039,1.4256455898284912,3,38.34444046020508,-2.020101308822633,0.3553529977798462,147.16516909331762,4.883793354034401,3.397073701800659,-1.376454293727876,-3.1057178417788904,-214.3312339782715,290.998692825242,292.76383358395424,0.7810864534492854,-0.5765552520751962,0.5269535928964615,6.381931304931637,19.319600984741427,80.43406887325646,252.6756744384766,-0.643647015094757,-2.8221144676208496,307.0005191639093,9.702006340027934,2.76858488495012,0.79989904165268,-2.6505138725042343,220.71316528320315,281.2651632914793,302.0755478867271,31.96250915527344,-1.443546056747437,-0.1716005951166153,71.66706962524,5.382926464080874,-1.0,426.670955657959,1161.9669574029326
13.732272148132324,0.3570631444454193,0,45.35816955566406,0.20875293016433719,-2.6489903926849365,46.98753766809615,7.713616847991928,2.931762772788964,-1.0259116291999817,-2.7464046105742455,-5.1698036193847585,94.0258421052861,117.19175770391288,2.5102574187015736,-1.966030299663545,1.5608065764056605,20.35910415649414,51.57191290274222,111.66407744916326,50.52797317504882,1.2346645593643188,0.09741421788930894,94.42844257458262,6.7325897216798225,2.1882177309977813,-0.9401186704635633,-1.9759741201996803,25.5289077758789,64.60536669939003,70.8529821233676,24.999065399169922,2.174783229827882,2.0733883380889893,111.45326719723302,2.734762907028271,-1.0,134.61748027801514,260.23449320074457
6.214506149291993,-0.16683222353458405,4,39.27949142456055,-1.8569314479827883,-0.8174541592597963,128.96081672107198,5.562724113464601,2.3653228469830747,-2.225537717342377,-0.801083041355014,-27.034191131591797,48.113555187415265,155.34678793549236,1.1350842218312673,-0.9661150574684146,-0.595850557088852,-12.48247146606446,29.26710150678623,76.10433338440464,66.31368255615234,0.36860626935958873,-0.016371117904782295,70.97008985140245,3.7685730457306437,1.2760351910515897,1.2594226598739624,0.2052324842661619,14.551719665527337,18.86332603997324,79.72031056453562,51.76196289062501,-0.8908163905143737,-0.22160360217094419,74.29394166457118,9.418474197387647,-1.0,163.56964302062988,708.2367596936325
18.43748664855957,-1.1458879709243774,5,73.5743179321289,-0.2818077802658081,0.5992555618286133,76.65997907079378,4.709546566009594,0.5989418445669085,-0.16862581670284266,-0.5747144222259521,-133.75545501708987,150.96937779640535,150.99018843274445,3.1023724358732307,0.9000909328460696,2.968930959701538,-13.28659057617186,159.84184007656538,192.50466211218244,207.32977294921878,-0.11318196356296545,1.1739699840545654,213.4190349116423,44.82233428955086,2.9406180460604965,1.0687167495489123,-2.739539925252096,120.46886444091801,289.2682040711499,307.65753974144286,86.86090850830077,-1.1818987131118777,-2.369675397872925,154.94739474525602,2.4824547767642366,1.0,386.202486038208,1044.3208910133717
137.07443237304688,-0.0413125641644001,3,154.27989196777344,0.9551138877868652,-2.9893150329589844,231.10724236480127,20.846160888671875,2.502364707708193,2.3400315046310425,0.8866124788867396,46.15843200683594,120.02680092123292,392.04040319715415,4.434735583973589,3.1618661880493155,-3.1095790565013885,72.95578002929688,235.57671582482772,585.2923979823879,108.1214599609375,-1.384917616844177,2.4072577953338623,229.92477400814954,14.307033538818613,2.430175458497212,0.8218346834182733,2.286993771791458,26.797348022460938,172.76946068789715,237.23398478773112,81.32411193847656,-2.2067523002624503,0.12026402354240417,373.9374775175783,0.5434929132665366,-1.0,480.7998962402344,1563.923899045608
48.748390197753906,1.003555178642273,0,41.691890716552734,-1.6387549638748162,2.2215187549591064,111.72604192280852,8.794144630432077,3.041806568825702,-1.7355765625834458,-2.4980714956866663,-46.448482513427734,124.04206071587956,167.00956525270254,2.8815681349909554,-1.3811139762401574,2.5290233492851257,9.425182342529297,70.57383625070608,118.24636738431566,88.14037322998047,0.09682159870862968,-1.5635950565338135,89.13927300275795,10.199481964111328,1.3051463421266456,0.3544625863432885,-1.2560904622077942,55.87366485595703,83.95963760485411,85.65404804110135,32.26670837402344,-0.2576409876346588,-0.3075045943260193,33.53037986635605,3.5346043109893395,1.0,210.84736251831055,699.3220475672998
50.83913803100585,-2.0885281562805176,0,33.55379104614258,1.3782348632812502,-0.1790062040090561,71.05283969889652,6.023408889770432,2.9110437868005516,1.1547262668609621,-2.672224387526512,1.9807186126708984,63.34327005117018,84.03670990248327,2.200376539740675,2.1392398476600647,-0.5150823146104813,10.391889572143555,17.597258240972753,83.59155811134154,31.57307243347168,0.22350859642028817,2.493218183517456,32.79336145187106,5.283150196075461,2.371187237128764,0.9845135807991029,2.157142072916031,8.411170959472656,48.40052928402982,55.17706542943454,23.161901473999023,-0.7610049843788147,0.33607611060142517,30.41401070190086,3.6121189594268563,1.0,139.12790298461914,263.71626607952624
16.128751754760742,-1.0458614826202393,0,69.33975219726562,1.5551761388778687,2.8785266876220703,171.6415434569889,6.605259895324638,2.8746635627614974,1.2165876924991608,-2.604535464440481,-48.45179748535158,180.88231298358767,215.00325955924401,1.2973410145424178,1.077957957983017,0.7218728065490723,11.303054809570312,46.2093112064962,136.19260279627642,117.7915496826172,0.33858844637870783,-0.8001231551170349,127.01089783803974,24.58769989013672,2.960025108851736,-0.1386297345161438,-2.956777036190033,59.75485229492189,175.16487217830843,175.56793745433538,58.03669738769531,0.47721818089485163,2.156653881072998,65.08896811444654,6.41949510574339,1.0,261.29675102233887,1082.5246861044334
37.1561164855957,-2.579901933670044,0,67.59500885009766,-0.0926007553935051,0.8725171685218811,68.27832508146679,7.31798410415654,3.7195739061348814,-2.035350494086742,3.1132906079292297,1.8859710693359375,133.29070236116138,266.53776973487584,0.8653087198550625,-0.8167380616068839,0.2858288288116455,16.856170654296875,23.715552570713346,52.026159141464056,65.70903778076172,1.9427497386932369,-2.2407734394073486,234.017775064463,5.002405643463294,3.078888821143961,1.218612432479858,-2.8274617791175842,14.970199584960938,115.03830294558804,217.4339342512852,50.73883819580078,0.7241373062133788,0.5866883397102356,65.09409470886516,7.729958534240664,1.0,221.19900131225586,1225.4113153974731
17.664306640625,-0.13432790338993075,0,40.21366882324219,0.19023087620735174,1.6862748861312866,41.90745437037639,8.936753273010241,2.1367027423887306,0.326310396194458,-2.111639205609457,7.313377380371094,63.733250772857716,64.88798020095165,1.468624864049599,-0.3182129561901091,-1.4337362051010132,12.439653396606445,45.64350139229348,46.18350143096875,32.900291442871094,-0.1360795199871063,-2.4852712154388428,33.54976548100815,4.794739723205566,0.9353944782108733,-0.6445233523845671,0.6779030005084437,5.126276016235352,20.745318661949632,28.28627962039907,27.774015426635742,0.5084438323974608,3.1200110912323,31.563734516876202,2.7691795825958354,1.0,118.55228233337402,202.8092784937848
1.1471971273422241,-2.3121819496154785,2,146.25,-0.8593826889991761,2.299466609954834,204.2179821507272,15.054707527160614,1.8254662685432863,0.511090338230133,1.7524593472480774,12.79632568359375,215.0610580282954,238.9020712790111,2.654450728894823,0.9884129166603083,2.4635642021894455,110.81754302978516,175.2601288606006,178.17635531637114,133.45367431640625,-1.370473027229309,0.5470072627067566,280.6819167015125,23.865367889404297,0.856450207893264,0.47732257843017534,0.7111048549413681,98.0212173461914,109.08799342999819,174.45261995373775,35.432456970214844,-1.8477956056594844,-0.1640975922346115,115.45415037777776,7.416223049163803,1.0,316.2833284139633,861.4185078962599
74.8470458984375,0.2840504944324494,0,72.1539077758789,-1.1892322301864622,-2.2455644607543945,129.86444429621093,9.97646903991681,0.7337147198319454,-0.42527818679809537,0.5978927612304688,-126.65314483642578,144.97570278812765,156.7398279235692,2.7256047968597485,-0.49916279315948475,-2.6795070469379425,-99.47498321533203,238.39581414289148,239.27980026114415,198.8070526123047,-0.7639540433883668,-2.8434572219848633,260.0683953450655,13.864985466004173,3.0066934331792186,-0.07388460636138938,3.005785499011175,27.17816162109375,369.5868515288734,371.64180486013566,171.62889099121094,-0.6900694370269774,0.43394258618354803,214.5027662765454,12.453405380249169,-1.0,517.436897277832,556.2610010438448
14.697913169860838,-1.2123212814331055,0,70.0743179321289,0.2309883683919907,-2.392557144165039,72.23763655187717,6.41678524017334,2.6415052485122934,-1.0101578384637833,2.440723482762472,1.3953628540039062,130.32122981479313,159.83714984987128,1.8403608117821197,-0.9631704241037367,-1.5681934356689453,22.607192993164062,84.53533221556184,100.75350458805322,68.678955078125,1.241146206855774,1.4499046802520752,129.364791261485,12.840306282043564,2.2747537275862273,0.04698741436004661,2.274268388748169,21.211830139160156,105.77100508844984,112.29734117980179,47.467124938964844,1.1941587924957273,-0.8243637084960938,86.00832068787328,9.062349319457958,-1.0,200.9183111190796,598.5123400389803
8.897644996643066,1.9046903848648071,0,48.458904266357415,1.7259787321090696,1.8863211870193481,140.68346674986554,8.369583129882812,2.7557441944066987,1.7130000507459042,-2.1586470047580164,-15.880031585693366,99.72892282062716,164.62060051453687,1.8743715565453098,-0.05027890205383301,1.8736970843747258,-2.1742286682128977,79.8483851896366,80.97637956541345,64.33893585205078,0.012978681363165401,-2.2382171154022217,66.68614062302653,17.517002105712915,2.859272434421935,-1.7632789527997372,-2.250841218046844,13.705802917480469,103.92427789522434,177.94345120973327,50.63313293457031,1.7762576341629026,0.012624102644622326,154.11907023499617,9.133697509765625,-1.0,172.32861804962158,1092.0589107378569
17.43122100830078,-2.250641107559204,2,46.91366195678712,2.0358135700225812,3.0561935901641846,182.8058881788316,6.026174545287784,2.9116183070307344,0.46601784229278387,2.8740822076797485,-1.421894073486321,94.39865178983788,114.8786605789892,2.4102514424445873,2.2479212731122953,0.8695757389068604,19.953536987304695,35.99679124511072,185.86140994366534,48.33555603027344,1.5697957277297974,0.182111382484436,121.36501706330161,6.8545083999634455,2.6820190193432074,1.7819034308195114,-2.004506468772888,21.375431060791016,64.4859058744369,133.48454854813934,26.960124969482422,-0.21210770308971402,2.186617851257324,28.398882202279143,6.815728187561035,-1.0,139.64056396484375,1014.7523558917977
123.03660583496094,1.3113337755203247,2,177.17071533203125,-0.4061091244220734,-0.669548213481903,192.82896043688567,18.047677993774514,2.6530477537156347,1.4518915116786961,-2.2205119729042053,76.32644653320314,251.34885718689688,348.5260004711899,1.7019623493739793,-0.9156477153301241,1.4346655011177063,97.74154663085938,184.06213540143395,217.66776153381463,100.84426879882811,-1.8580006361007695,1.5509637594223022,331.11792369515234,0.9254276156435746,3.5371835070524145,-2.3675392270088205,-2.6280078331576746,21.415100097656236,174.44701240854326,397.91087566265094,79.42916870117188,0.5095385909080508,-2.1042137145996094,91.19916328371565,14.951128005981445,-1.0,480.4807586669922,1274.2311925741103
13.493772506713865,-2.9424281120300293,0,64.29388427734375,0.41898667812347407,-0.33662331104278564,70.24309833709239,5.589993000030579,1.8991309216559626,-0.8505204916000366,-1.6980321407318115,25.412460327148438,79.2457661910269,87.03783787649196,2.1616967347503127,-0.07286158204078658,2.1604684591293335,27.595294952392578,90.02591949184587,90.46937905353384,38.88142395019531,1.2695071697235107,1.3614088296890259,74.78638959500152,4.453680038452251,2.546340375817969,0.7776589095592501,-2.424684707318441,2.1828346252441406,70.78031543800644,83.84313416966502,36.69858932495117,0.49184826016426064,-2.497091770172119,41.61574168728954,5.6693272590637,1.0,153.3676700592041,889.2890824326032
23.680233001708984,-0.5054445862770081,3,99.45730590820312,1.4456712007522583,0.8702067136764526,223.20478648905706,13.45804119110104,2.4771674415768796,0.5767935514450072,2.4090802669525146,38.969688415527344,149.9872092205479,205.13554399189127,0.665497536249613,0.4877832531929016,0.45271897315979004,60.75469970703125,66.83317466499624,170.0442872796593,60.48761749267578,0.8688776493072511,-1.538873553276062,85.66883026829358,12.217142105102502,1.9583851370568743,-0.0890102982521056,-1.9563612937927246,21.785011291503906,83.17141414076751,84.77588214902748,38.702606201171875,0.9578879475593567,0.4174877405166626,57.96188920323925,3.4647383689880042,-1.0,222.32776260375977,265.83371778737785
15.880685806274412,-0.044943466782569885,1,54.38050842285156,0.4068508446216583,-2.7613022327423096,59.791626571628804,10.03404426574707,0.9225601479606579,-0.06613287329673778,-0.9201867580413818,-56.02485656738281,88.73444364082944,94.1425577566103,2.5187266557137744,1.2457313835620878,2.1890950838672083,0.14365386962889914,96.53054424381942,121.48880063603633,110.40536499023438,0.4729837179183961,-1.8411154747009277,124.31607456578354,18.130258560180664,3.3747031574415893,1.3118642568588257,3.10928184190859,56.16851043701171,164.6232351617782,195.37369846901777,54.23685455322266,-0.8388805389404295,1.3327879905700684,74.85613486401091,7.6289157867431046,-1.0,234.903413772583,353.3407936826551
8.188365936279297,-2.159520387649536,4,189.25567626953125,1.1000143289566038,-0.7184873223304749,316.24889032335864,17.210676193237198,4.0279792645306935,2.9243253469467163,2.7700068990336817,4.559921264648409,367.5167278409747,889.7547258812268,1.15217029625049,1.0717378724366424,-0.4229353666305542,7.227508544921875,78.25039342399667,259.70466060429555,184.69575500488284,-1.8243110179901125,2.7946910858154297,587.5437616256994,16.257284164429493,3.6030101868223543,-1.8525874745100739,3.0902430415153503,2.667587280273466,366.6030643554244,671.5617459303076,182.02816772460938,0.028276456519961315,-0.29555195569992065,183.15547835458023,19.625890731811616,1.0,564.1679649353027,1339.0017738577635
18.228281021118164,1.0953638553619385,2,69.74960327148438,-0.30642828345298767,2.708568572998047,73.646976164241,9.358193397521925,2.3088655545016374,-2.2736088931560503,0.4019486904144287,40.47432518005371,44.31314126032582,131.98949981904732,2.562178632146147,-0.3793145418167114,-2.5339455048190516,45.490713119506836,90.72938924810269,93.71812134564448,29.275278091430664,1.9671806097030626,2.306619882583618,106.94693960918713,7.064689636230469,3.4939699218971207,1.8942943513393389,-2.9358941952334803,5.016387939453125,53.25376696843741,114.04639499073151,24.25889015197754,0.07288625836372375,-1.0406712293624878,24.687680590208466,4.2256317138671875,-1.0,141.51205253601074,909.4552198052181
