MET(GeV),#phi_{MET},light_jets_multiplicity,pT_{b_{1}}(GeV),#eta_{b_{1}},#phi_{b_{1}},Energy_{b_{1}}(GeV),Mass_{b_{1}}(GeV),#Delta R_{b_{1}b_{2}},#Delta #eta_{b_{1}b_{2}},#Delta #phi_{b_{1}b_{2}},#Delta pT_{b_{1}b_{2}}(GeV),#Delta #vec{pT}_{b_{1}b_{2}}(GeV),#Delta #vec{p}_{b_{1}b_{2}}(GeV),#Delta R_{b_{1}#tau_{1}},#Delta #eta_{b_{1}#tau_{1}},#Delta #phi_{b_{1}#tau_{1}},#Delta pT_{b_{1}#tau_{1}}(GeV),#Delta #vec{pT}_{b_{1}#tau_{1}}(GeV),#Delta #vec{p}_{b_{1}#tau_{1}}(GeV),#Delta R_{b_{1}#tau_{2}},#Delta #eta_{b_{1}#tau_{2}},#Delta #phi_{b_{1}#tau_{2}},#Delta pT_{b_{1}#tau_{2}}(GeV),#Delta #vec{pT}_{b_{1}#tau_{2}}(GeV),#Delta #vec{p}_{b_{1}#tau_{2}}(GeV),pT_{b_{2}}(GeV),#eta_{b_{2}},#phi_{b_{2}},Energy_{b_{2}}(GeV),Mass_{b_{2}}(GeV),#Delta R_{b_{2}#tau_{1}},#Delta #eta_{b_{2}#tau_{1}},#Delta #phi_{b_{2}#tau_{1}},#Delta pT_{b_{2}#tau_{1}}(GeV),#Delta #vec{pT}_{b_{2}#tau_{1}}(GeV),#Delta #vec{p}_{b_{2}#tau_{1}}(GeV),#Delta R_{b_{2}#tau_{2}},#Delta #eta_{b_{2}#tau_{2}},#Delta #phi_{b_{2}#tau_{2}},#Delta pT_{b_{2}#tau_{2}}(GeV),#Delta #vec{pT}_{b_{2}#tau_{2}}(GeV),#Delta #vec{p}_{b_{2}#tau_{2}}(GeV),pT_{#tau_{1}}(GeV),#eta_{#tau_{1}},#phi_{#tau_{1}},Energy_{#tau_{1}}(GeV),Mass_{#tau_{1}}(GeV),#Delta R_{#tau_{1}#tau_{2}},#Delta #eta_{#tau_{1}#tau_{2}},#Delta #phi_{#tau_{1}#tau_{2}},#Delta pT_{#tau_{1}#tau_{2}}(GeV),#Delta #vec{pT}_{#tau_{1}#tau_{2}}(GeV),#Delta #vec{p}_{#tau_{1}#tau_{2}}(GeV),pT_{#tau_{2}}(GeV),#eta_{#tau_{2}},#phi_{#tau_{2}},Energy_{#tau_{2}}(GeV),Mass_{#tau_{2}}(GeV),Q_{#tau_{1}}Q_{#tau_{2}},sT(GeV)
29.96720123,2.003648281,2,183.9260712,-0.411724001,-2.108318567,200.9121919,21.7006321,0.973130582,-0.929600447,-0.287795305,146.2120209,148.1503696,177.7962943,3.870334327,-2.382311374,3.050259058,145.7717171,221.94868,306.9993072,2.520284395,0.392862469,-2.489476353,148.3570061,213.2914962,218.2116848,37.71405029,0.517876446,-1.820523262,43.450028,6.981471062,3.283925291,-1.452710927,-2.945130944,-0.440303802,75.50267245,136.5704439,2.568327783,1.322462916,-2.201681048,2.144985199,65.34558839,83.65019747,38.1543541,1.970587373,1.124607682,139.6538023,5.746580601,2.873031084,2.775173843,0.743449897,2.585289001,26.88616499,168.1882605,35.56906509,-0.80458647,0.381157786,48.29215264,7.432975292,-1,325.3307419
55.11004257,1.427206516,0,55.2482872,-1.303182721,-0.30037719,109.2720851,4.264715672,2.437116787,0.038019776,2.436820209,16.21442795,88.66546127,92.03042214,1.451779828,-0.810652792,1.204369843,-0.515922546,62.88384655,90.86503386,2.8364455,-1.451967403,-2.436639845,23.19009781,82.32910171,128.7345219,39.03385925,-1.341202497,-2.737197399,79.98681062,6.404841423,1.496388664,-0.848672569,-1.232450366,-16.73035049,56.46487513,69.74022554,2.051191625,-1.48998718,1.409725253,6.975669861,46.36805294,87.58876957,55.76420975,-0.492529929,-1.504747033,63.36250382,9.370036125,2.718892501,-0.641314611,2.642175619,23.70602036,85.29994918,91.59749423,32.05818939,0.148784682,2.136262655,32.42092391,0.685379565,-1,237.2145882
17.49308395,-2.124476671,1,76.62407684,1.309916139,2.64681077,152.7546278,11.5494709,2.216444005,1.065188468,1.943707168,46.35243034,92.07478003,154.5738916,1.214641542,-0.134022236,1.207224965,48.62205505,71.61933513,104.1508526,2.037795198,0.45044136,-1.987388198,52.6854248,89.0436669,140.3123992,30.2716465,0.244727671,0.703103602,31.3453407,3.189088583,1.407306771,-1.199210703,-0.736482203,2.26962471,21.08366447,52.9216789,2.431098743,-0.614747107,2.352089942,6.332994461,50.10033912,52.50883294,28.00202179,1.443938375,1.439585805,63.06957289,7.421585083,3.143386007,0.584463596,3.088572145,4.063369751,51.92253483,61.42560753,23.93865204,0.859474778,-1.64898634,33.81806624,5.676712513,1,176.3294811
51.59348297,-2.665135622,3,148.5714417,-1.450196385,0.313145161,334.5527333,15.94516182,0.631046061,0.437402725,0.454860404,103.6227188,109.9804254,189.5027195,2.94040079,0.44491291,-2.906545941,-8.636856079,303.6721823,370.255986,2.66657563,0.219201446,2.657550812,97.55567932,195.1758394,257.9877832,44.94872284,-1.887599111,-0.141715243,152.1730379,10.4653616,2.921788614,0.007510185,2.921778962,-112.2595749,201.3141898,417.8477216,2.213471669,-0.21820128,2.202690408,-6.06703949,85.62673487,86.82747818,157.2082977,-1.895109296,-3.063494205,534.7894145,0,0.753680313,-0.225711465,-0.719088554,106.1925354,123.4840307,400.0783146,51.01576233,-1.669397831,-2.344405651,140.2768873,3.805819035,-1,453.3377075
159.1314545,0.464637578,0,131.8749542,0.650636494,3.117124081,161.8565739,18.57812691,0.724952969,-0.653941453,-0.312917535,47.27802277,57.60828378,77.91301799,2.869524411,1.925116003,-2.12793297,54.7124939,184.6784136,286.6252278,2.641831171,-1.03287226,2.431552351,108.3476524,150.5000179,153.6253865,84.59693146,1.304577947,-2.853143692,167.6148771,8.625489235,3.153699159,2.579057455,-1.815015435,7.43447113,127.5439851,300.1066746,2.770506002,-0.378930807,2.744469885,61.06962967,106.6820708,135.3433006,77.16246033,-1.274479508,-1.038128257,149.8077944,17.47345543,3.42357068,-2.957988262,-1.723699987,53.63515854,84.02730848,206.2598396,23.52730179,1.683508754,0.68557173,65.53746521,1.270829201,-1,476.2931023
15.18303776,-1.690973282,2,45.93893814,-1.042301297,-2.520979166,73.36608092,4.37798214,2.73630202,-2.11341548,-1.738051713,7.245361328,64.80291195,124.9847793,0.879463365,0.001881599,0.879461352,7.436260223,36.57080189,37.69006695,2.000846387,0.8896662,-1.792171955,11.9785614,62.83950217,85.32556958,38.69357681,1.071114182,-0.782927454,63.39711252,6.18352747,3.365390969,2.115297079,2.617513065,0.190898895,74.56106709,122.945335,3.003569306,3.003081679,-0.054120243,4.733200073,5.123581984,164.6728883,38.50267792,-1.044182897,2.882744789,61.50160905,1.952995777,2.815277255,0.8877846,-2.671633307,4.542301178,70.47963761,97.13191056,33.96037674,-1.931967497,-0.728807211,119.7100956,2.882962465,-1,172.2786074
22.59592438,-1.922379971,1,38.96701813,0.9371773,-3.02741313,58.0878965,9.109605789,1.700146594,1.689432561,-0.190567732,2.606319427,7.621839214,72.5124524,3.210661989,1.371454686,-2.903009206,-27.43759155,104.6737138,126.9649502,2.122527627,1.478328288,1.523045961,1.746246338,52.58663706,82.25069584,36.3606987,-0.752255261,-2.836845398,47.47526425,5.605798721,2.731016053,-0.317977875,-2.712441474,-30.04391098,100.6121668,100.6124853,1.726567955,-0.211104274,1.713613693,-0.86007309,55.61244357,56.31483679,66.40460968,-0.434277385,-0.124403924,72.79031229,1.900634408,1.860202764,0.106873602,-1.85713014,29.18383789,84.8004662,85.23678951,37.22077179,-0.541150987,1.732726216,42.85866132,2.143564463,-1,201.5490227
6.591863155,-2.132530451,0,46.92578125,-2.125907898,1.201487064,199.5848557,7.847506523,2.475984688,-0.006334066,2.475976586,15.26108742,74.44525478,98.10021074,1.531681791,-0.755186558,-1.332569838,2.178611755,56.68615564,124.9938911,2.942484955,-2.057594225,2.103455186,14.50214005,69.27221396,203.7516242,31.66469383,-2.119573832,-1.274489522,133.7965747,3.661998034,2.585462755,-0.748852491,2.474638883,-13.08247566,72.32921028,86.53945368,2.084811846,-2.051260158,-0.3725214,-0.758947372,11.8916464,128.2797374,44.74716949,-1.37072134,2.534056902,93.87622234,3.960962772,3.130908401,-1.302407667,-2.847160284,12.32352829,76.35747401,110.7460059,32.4236412,-0.068313673,-0.901968122,32.83294813,4.66864109,-1,162.3531489
252.1335297,-0.745756388,0,187.5124664,-1.795633435,2.151510477,580.6008896,19.10427475,0.601641563,-0.404695272,-0.445190191,30.17259216,81.61990424,265.4469502,1.987403649,-1.795286287,-0.852478981,146.1040154,163.2652038,572.8972277,3.592866467,-2.321876407,2.741820455,163.9018421,209.4630601,599.9170725,157.3398743,-1.390938163,2.596700668,336.4950277,22.8130188,1.449009154,-1.390591014,-0.40728879,115.9314232,120.4408801,320.0782925,3.641686565,-1.917181134,-3.096174661,133.72925,180.9293265,358.5690789,41.40845108,-0.000347149,3.003989458,42.19327596,8.100154877,2.739964304,-0.52659012,-2.688885872,17.79782677,63.4862972,64.80779552,23.61062431,0.526242971,-0.590309978,27.20958782,3.705914021,-1,662.0049458
45.93413925,2.207543135,3,103.1236954,0.089636296,0.068044409,104.2451259,12.11924171,0.963634328,0.857932299,0.438797548,10.43518829,43.81728487,98.02242813,2.977126928,-0.320275843,2.959849343,-61.79503632,266.9953827,273.7101363,1.59974385,-0.191265285,1.588268861,-1.76474762,148.3713098,149.7940388,92.68850708,-0.768296003,-0.370753139,121.8055052,9.721599579,2.782782165,-1.178208143,2.521051794,-72.23022461,246.2960495,287.311186,1.556309696,-1.049197584,1.149471313,-12.19993591,107.8924065,152.8572795,164.9187317,0.409912139,-2.891804934,179.3135477,11.10560894,1.377634473,0.129010558,-1.371580482,60.0302887,177.0682694,181.4552523,104.888443,0.280901581,-1.520224452,109.1027455,3.265253782,-1,511.5535164
18.90390587,-1.689688921,5,118.0151596,-0.955623746,1.870534778,177.4299244,21.4414978,1.479430029,-0.343926728,1.438898057,67.34951019,122.1549545,156.4715707,1.496973265,0.503237247,1.409851491,23.40644836,138.9240781,152.0157508,2.820451428,1.045122981,2.619668722,38.96573639,190.6576662,246.4594531,50.66564941,-0.611697018,0.431636721,61.9335193,13.50220013,0.847661786,0.847163975,-0.029046565,-43.94306183,43.98905107,165.4540354,1.823095844,1.389049709,1.180770665,-28.3837738,75.96217026,265.0792699,94.60871124,-1.458860993,0.460683286,215.3501961,19.59259605,1.325631125,0.541885734,1.209817231,15.55928802,99.58295165,137.2589061,79.04942322,-2.000746727,-0.749133945,297.9648796,14.46487141,1,361.2428493
55.06707001,-2.112883329,1,107.0201187,-0.100715436,-0.531983197,108.4149984,13.56226254,1.137227707,-0.414503343,1.058996618,23.38034821,98.39374145,105.288591,1.899250063,-0.911620952,-1.66616267,62.95858383,119.5523165,129.8090776,1.635599228,-0.372061588,-1.592719376,70.26808548,113.9142648,115.8142569,83.63977051,0.313787907,-1.590979815,88.2470154,8.956029892,2.770129791,-0.497117609,-2.725159287,39.57823563,125.2106776,125.8939247,2.652055621,0.042441756,-2.651715994,46.88773727,117.350508,118.5163489,44.06153488,0.810905516,1.134179473,60.0469604,9.058912277,0.54453487,0.539559364,0.073443294,7.309501648,7.884131806,30.71023828,36.75203323,0.271346152,1.060736179,38.91274573,7.84689188,1,326.5405273
15.29549789,-2.276024342,0,62.03137207,0.013304511,-2.288620472,63.29848229,12.57479954,1.799059205,-1.782786092,0.241428614,24.25203323,26.90904224,113.1172259,2.825549257,0.766580919,2.719573919,-15.32637787,136.3352681,150.9370377,2.287461949,0.664753238,-2.188740574,2.146759033,108.3438497,116.4383378,37.77933884,1.796090603,-2.530049086,117.1926385,7.306751251,3.555344752,2.549367011,2.478145305,-39.5784111,109.6205354,206.1904859,3.449082639,2.44753933,-2.430169187,-22.1052742,91.87317842,178.0581869,77.35774994,-0.753276408,1.274990916,100.7843765,9.209239006,1.378636512,-0.101827681,1.374870814,17.4731369,88.1289661,90.86034923,59.88461304,-0.651448727,-0.099879898,73.20560989,4.8089118,-1,252.3485718
48.54263306,-2.734188318,1,267.8682861,0.577826619,0.35768348,320.8155714,66.5134201,0.862769268,0.800273046,0.322387751,112.3796082,130.079624,237.2521432,3.040638231,0.190347254,-3.03467441,-120.3474731,655.1783238,655.2446297,2.584825201,-0.324189246,-2.56441468,169.3646698,354.5132121,359.9178945,155.488678,-0.222446427,0.035295729,160.0133747,14.53840637,2.989014242,-0.609925792,2.926123146,-232.7270813,541.1310878,573.2177825,3.098070968,-1.124462292,-2.886802431,56.98506165,252.0380034,286.5201974,388.2157593,0.387479365,-2.890827417,418.4091281,23.90600395,0.697059555,-0.5145365,0.47025973,289.7121429,303.702361,308.2609875,98.50361633,0.902015865,2.92209816,142.81684,20.28915024,-1,958.6189728
32.5643692,-2.352719545,1,77.22021484,-0.46894902,0.726979017,86.82838697,12.87957668,1.625475241,0.885605991,1.363037705,44.26755905,77.45385246,80.52868163,2.939099679,-1.357834339,-2.606643979,-27.7953186,175.9091782,227.1351814,2.009879654,-1.727701247,1.026968658,50.25769234,67.34514495,105.4880499,32.95265579,-1.354555011,-0.636058688,68.23620282,4.33626461,3.222626806,-2.24344033,2.313503623,-72.06287766,129.5946034,210.3823101,2.634827722,-2.613307238,-0.336069047,5.990133286,11.63136329,103.8867138,105.0155334,0.888885319,-2.949562311,150.1971215,16.32373619,2.675263887,-0.369866908,-2.64957267,78.05301094,129.4081464,143.7083768,26.96252251,1.258752227,-0.299989641,51.30209104,0.747121513,1,274.7152958
22.04350853,1.353058338,0,67.81680298,-1.233086348,-3.003447056,126.3735237,5.638957977,2.143218042,0.710182428,-2.022133648,36.79179573,86.0063082,86.00727232,2.821912779,-0.904983997,-2.672862828,12.30675507,119.9893844,148.7674462,1.933185653,-1.309721835,1.421912614,33.85574722,71.19835473,130.2696199,31.02500725,-1.943268776,-0.981313407,110.6490653,5.280001163,1.74132451,-1.615166426,-0.650729179,-24.48504066,36.10272482,94.69025466,3.484354136,-2.019904263,-2.839139044,-2.936048508,64.24589988,126.2529891,55.51004791,-0.32810235,-0.330584228,58.52840401,0.648744464,2.225522513,-0.404737838,-2.188409865,21.54899216,80.11305073,82.85700458,33.96105576,0.076635487,1.857825637,34.80758974,7.171337605,-1,210.3564224
32.61442947,0.285213441,2,43.17090607,0.309129268,2.578773737,45.6797325,6.250238895,2.505537118,1.043991894,2.277673632,12.81019211,66.9925397,76.98639985,3.072986037,-0.850499481,2.952946633,-45.17412567,131.0004435,173.2932327,2.089321738,-0.842348069,1.911992431,8.677600861,63.64015196,72.88994892,30.36071396,-0.734862626,0.301100105,39.46547579,6.454569817,2.011241207,-1.894491374,0.675273001,-57.98431778,67.37566367,165.6933834,1.921458091,-1.886339962,-0.365681201,-4.132591248,12.47255757,74.52104632,88.34503174,1.159628749,-0.374172896,154.8136308,5.726307869,1.040986118,0.008151412,-1.040954202,53.85172653,76.9053131,109.4708006,34.49330521,1.151477337,0.666781306,60.46867651,7.500886917,-1,228.9843864
21.91034889,0.542203486,4,148.0867462,-0.126702309,1.309864759,152.65639,31.94297218,1.838316349,-0.285606325,-1.815994501,100.7014313,166.0778509,168.1590709,3.459694911,-2.128835678,-2.727186743,56.9937439,234.3572169,421.155518,2.832530489,-0.839584172,2.705240726,122.0668564,172.0204261,176.3802263,47.38531494,0.158904016,3.125859261,48.60603285,7.746154308,2.056153144,-1.843229353,-0.911192242,-43.70768738,72.47759618,331.5703889,1.84698661,-0.553977847,-1.76195008,21.36542511,58.23149898,59.5789129,91.09300232,2.002133369,-2.246133804,343.4169348,1.057285547,1.544654765,1.289251506,-0.850757837,65.07311249,76.47905633,320.2198061,26.01988983,0.712881863,-1.395375967,32.95704952,1.637547255,-1,334.4953022
55.45008469,-1.035962939,1,42.43399429,0.69046545,-1.375855684,54.58715874,13.23927689,1.840600481,-1.207490683,-1.389163915,12.14249229,47.47468137,82.19873587,3.62459537,1.930404425,-3.067772865,-26.99027634,111.7865161,180.3931556,0.68411855,0.006928742,0.684083462,10.5175457,26.83424423,28.03830651,30.291502,1.897956133,0.013308231,103.4927954,5.871611595,3.558667407,3.137895107,-1.67860895,-39.13276863,78.6757837,223.0229402,2.402742022,1.214419425,2.073247377,-1.624946594,53.54816205,92.34247007,69.42427063,-1.239938974,1.691917181,130.6223537,12.83579922,3.179211397,-1.923475683,-2.53132898,37.50782204,97.31409258,165.1663209,31.91644859,0.683536708,-2.059939146,40.38020499,7.553956509,-1,229.5163002
87.88261414,2.672315836,2,88.47489166,2.056139469,1.446513653,351.5202244,8.867528915,1.279403242,-0.267112017,1.251208946,27.80344009,90.19929574,96.17347032,2.846160376,0.92516315,2.691598415,10.27115631,162.4936092,282.871549,3.054080979,1.09054476,-2.852739517,61.87600327,114.2233918,330.5833884,60.67145157,2.323251486,0.195304707,312.7305766,6.485918045,1.869824028,1.192275167,1.440389469,-17.53228378,92.5357336,218.7148254,2.56754847,1.357656777,2.179236844,34.07256317,78.95174003,287.8925891,78.20373535,1.130976319,-1.245084763,134.5002422,13.87106705,0.757130451,0.16538161,0.738847375,51.60484695,61.21984133,99.69172291,26.5988884,0.965594709,-1.983932137,40.26322937,4.658403873,-1,341.8315811
24.37615585,0.935546696,0,70.28330231,0.999874592,1.449177623,108.6910852,7.347657681,3.086907105,-1.160000563,-2.860663239,40.14961243,99.58675414,109.827407,2.65364117,-0.384749413,-2.625600759,36.74026871,100.8267265,102.7542379,3.085073977,-1.113550901,2.877096772,39.77246094,100.0515551,108.445955,30.13368988,2.159875154,-1.973344445,132.4983006,5.870663643,0.810104139,0.77525115,0.23506248,-3.409343719,8.198578641,66.62472665,0.547399602,0.046449661,-0.545425296,-0.377151489,16.3383283,16.93972521,33.5430336,1.384624004,-2.208406925,71.52954745,7.123135567,1.067854287,-0.728801489,-0.780487776,3.03219223,24.52781739,66.34521226,30.51084137,2.113425493,-1.427919149,128.1705815,4.087973118,-1,188.847023
48.77391434,-2.59322381,4,164.3161774,-0.087231316,-2.580367088,165.7326236,16.17173576,0.950095279,-0.878490426,0.361850262,133.4968739,135.9311745,142.0851983,2.173763096,1.679099761,-1.380532503,-33.68617249,232.1612259,594.9799856,2.831201062,-2.080695309,1.92000169,126.7311249,180.6615055,234.6539699,30.81930351,0.79125911,-2.94221735,41.56245334,6.927026749,3.094699543,2.557590187,-1.742382765,-167.1830463,205.5204155,623.9958491,1.968027554,-1.202204883,1.558151428,-6.765748978,48.30292026,118.6592612,198.0023499,-1.766331077,-1.199834585,596.3966893,21.25036812,4.799194374,-3.75979507,-2.982651114,160.4172974,235.1888996,736.143144,37.58505249,1.993463993,1.782816529,140.5939888,4.730736256,-1,479.4967976
128.6279755,-0.967689872,3,206.4730682,-0.129241109,2.559610128,208.6295883,13.3837471,3.015441149,-1.695070624,2.49391678,151.7130241,252.3159716,294.6132966,1.713349348,0.138191164,-1.707767312,131.5656052,229.0543804,229.1462159,3.031986788,0.373307109,-3.008917693,155.8768501,256.711895,256.712015,54.7600441,1.565829515,0.065693349,137.1455828,10.02756691,2.773715215,1.833261788,2.081501216,-20.14741898,112.3377942,183.9082383,2.21068629,2.068377733,0.780350834,4.163825989,40.25692968,157.094924,74.90746307,-0.267432272,-2.015807867,79.52166635,17.36664963,1.322222305,0.235115945,-1.301150382,24.31124496,78.4337259,78.68144346,50.59621811,-0.502548218,-0.714657485,57.21780082,3.327225685,-1,515.364769
88.66545105,-1.989031672,0,101.3371582,-0.418015718,1.470025182,112.0826217,19.7964077,0.642527792,0.316140771,0.559371948,51.87466812,64.95284313,65.07227497,3.286042382,1.010060906,3.126955628,71.58710289,131.0847499,131.9251548,3.511906784,-2.573588133,-2.389588539,77.02957153,120.2415217,190.0051598,49.46249008,-0.734156489,0.910653234,63.92498658,8.161427498,2.65970132,0.693920135,2.56758368,19.71243477,76.17710573,78.46457882,4.128789301,-2.889728904,-2.948960487,25.15490341,73.46800374,160.9270365,29.75005531,-1.428076625,-1.656930447,65.90006279,6.224853039,3.664734516,-3.583649039,0.76664114,5.442468643,20.83822219,163.320862,24.30758667,2.155572414,-2.423571587,106.3320054,0.730967641,-1,293.5227413
34.50875854,2.350176096,0,46.60924911,-0.318051547,2.092348099,49.27680185,5.339970112,2.17500542,-0.293512775,2.155109935,8.610889435,74.63406078,75.96224156,3.078579126,-1.146380037,-2.857177321,-52.63470078,144.5734756,179.8686429,1.629745612,-0.896209747,-1.361204926,18.27157021,49.25276669,58.94710481,37.99835968,-0.024538772,-0.062761836,38.4109591,5.53686142,1.530543833,-0.852867262,1.270898052,-61.24559021,95.21078239,133.0018552,2.83175135,-0.602696972,2.766870447,9.660680771,65.19994107,67.70441233,99.24394989,0.82832849,-1.333659887,135.7573766,11.3418169,1.51674605,0.25017029,1.495972395,70.90627098,101.1529391,125.7002736,28.33767891,0.5781582,-2.829632282,33.48802117,4.327285767,1,246.6979961
41.50676727,1.108224988,2,103.2685242,0.631727993,-2.300244331,125.1828197,12.37938118,1.974117644,1.463590026,1.324781005,66.24488831,100.8604898,144.975624,1.429460748,-1.422462404,-0.141275406,63.50730896,64.14822134,104.7941286,1.951012295,-1.055172622,-1.641054451,67.99194336,111.4463967,113.6684719,37.02363586,-0.831862032,2.658159971,51.08895047,7.125030041,3.237069666,-2.88605243,-1.46605641,-2.737579346,51.41878177,193.9462413,3.891059654,-2.518762648,-2.965835456,1.747055054,72.02138495,145.5702654,39.76121521,2.054190397,-2.158968925,157.8428155,8.237817764,1.544098109,0.367289782,-1.499779046,4.484634399,51.24778522,79.28844955,35.27658081,1.686900616,-0.65918988,98.83579847,7.388140202,-1,256.8367233
30.01422119,-1.584531784,0,89.82131195,-2.093388319,1.14126718,370.0039204,10.05372715,1.161987125,-0.18515265,1.147141044,24.86148834,86.54679705,168.5731879,2.493784384,-0.989364743,-2.289130394,10.98740387,153.6328826,295.9683362,2.434668717,-0.189212561,-2.427305166,64.45638084,110.2454106,296.7725891,64.95982361,-1.908235669,-0.005873864,223.8794167,6.959697723,2.958323118,-0.804212093,2.846913869,-13.87408447,142.2503344,178.7913066,2.708742139,-0.004059911,2.708739097,39.5948925,88.62637585,158.0602142,78.83390808,-1.104023576,-2.852787733,132.6787715,13.78644276,0.81199494,0.800152183,-0.138174772,53.46897697,53.82423258,58.36287659,25.36493111,-1.904175758,-2.714612961,87.2861027,6.583923817,1,288.9941959
39.9647789,-1.375147104,0,49.47169113,-1.131506205,1.607230902,84.87769193,5.968567848,1.717295652,0.753532052,1.543144129,12.61237335,60.87054474,78.6972714,2.877837603,-0.571049452,2.820611954,-4.691799164,102.3061176,108.7031167,2.160047148,-1.880795538,-1.062267303,21.97111511,43.3462136,101.0667888,36.85931778,-1.885038257,0.064086773,124.5852455,9.954009056,1.840228302,-1.324581504,1.277467825,-17.30417252,56.01604453,103.1545316,3.705111414,-2.63432759,-2.605411433,9.35874176,62.110351,154.2381801,54.1634903,-0.560456753,-1.213381052,63.30405795,7.18313694,2.734392793,-1.309746087,2.40030605,26.66291428,76.72885424,94.14913896,27.50057602,0.749289334,2.669498205,35.71093355,2.9548769,1,207.9598541
8.309743881,0.09274178,2,66.11199951,1.059541345,0.201100007,107.5108536,12.11721134,1.86696372,0.691833407,1.734047309,27.05884552,82.0682367,107.364909,1.143975529,-0.859601617,-0.754827842,-26.92925262,63.77001403,235.120026,1.561491448,-0.945200086,1.24292089,29.25321579,64.49732063,81.87253913,39.05315399,0.367707938,-1.532947302,42.43274011,7.727313042,2.932822897,-1.551435024,-2.488875151,-53.98809814,126.3134123,321.3936395,1.709117847,-1.637033492,-0.491126418,2.19437027,18.57674319,121.0881694,93.04125214,1.919142962,0.955927849,324.0524773,10.88773441,1.99958173,-0.085598469,1.997748733,56.18246841,113.381896,209.2559578,36.85878372,2.00474143,-1.041820884,139.498399,7.336198807,1,243.3749332
25.11023521,-0.835962534,0,64.23736572,-2.173496008,0.925351322,286.1142028,9.863129616,1.942612172,0.23337388,-1.92854315,24.24537277,86.74635761,104.6276488,2.694868665,-2.126882456,1.654898226,9.521564484,87.81095546,289.7120262,2.459542599,-0.227588773,-2.44899023,12.55781555,109.1187409,148.9924674,39.99199295,-2.406869888,2.853894472,223.8411453,6.713618279,3.586004359,-2.360256337,-2.69974393,-14.72380829,92.46226089,236.4167497,0.695235018,-0.460962653,-0.520447079,-11.68755722,26.15132558,50.28581193,54.71580124,-0.046613552,-0.729546905,55.15815916,6.487978458,2.890787308,1.899293683,2.179296851,3.036251068,94.32614354,198.4813063,51.67955017,-1.945907235,-2.908843756,184.8759982,10.64453411,-1,235.7349453
113.8332062,0.922214687,1,146.5148773,-1.348976374,2.662534237,301.7524084,16.39425468,3.317384233,-2.533701062,-2.141354028,24.45628357,235.971633,502.9638641,2.289122101,-0.825791061,2.134982228,81.77690125,189.2128116,296.1698729,2.428920761,0.012724519,-2.428887431,99.17867279,184.9378325,255.9744319,122.0585937,1.184724689,-1.479297042,219.105536,19.70811653,2.635222891,1.707910001,-2.006849051,57.32061768,160.5123461,269.3706201,2.562607792,2.546425581,-0.287533402,74.72238922,77.83209454,278.3014432,64.73797607,-0.523185313,0.527552009,73.81183444,1.200987577,1.912891705,0.83851558,1.719315648,17.40177155,85.66585765,99.63218194,47.33620453,-1.361700892,-1.191763639,98.72438283,7.529512882,-1,494.4808578
58.79109573,2.489714861,3,209.4906311,-0.815594792,-0.642680705,284.560602,28.63989067,3.587994369,-2.545849919,2.528310064,140.3552322,268.9864521,465.0373398,0.801106676,-0.029798985,-0.800552264,177.0242157,188.331111,248.5652461,2.819198073,0.458776355,2.781618599,181.0571461,236.3140422,276.5088463,69.13539886,1.730255127,3.112194538,201.5577649,12.64167976,3.880533027,2.516050935,2.954322979,36.66898346,101.2148271,239.559277,3.015285104,3.004626274,0.253308535,40.70191383,42.21499987,239.5272198,32.46641541,-0.785795808,0.157871559,43.35663396,5.41997385,2.74484697,0.488575339,-2.701014444,4.032930374,59.43474625,62.29234437,28.43348503,-1.274371147,2.858886003,55.01992576,4.679234028,-1,398.3170261
56.82911682,-1.685130119,1,43.23084259,-1.488235235,-0.533373475,100.7999037,6.007773399,2.439495645,0.548259497,2.377088666,3.137939453,77.31887875,97.9626582,2.57781564,-0.967888117,-2.389210343,-100.4904709,177.7547919,178.2046775,1.561433338,-1.363793187,-0.760356635,6.884738922,30.21402321,91.46052827,40.09290314,-2.036494732,-2.910462141,156.5241399,9.331523895,2.14467891,-1.516147614,1.516886298,-103.6284103,147.1131418,164.1442791,3.674167726,-1.912052684,-3.137445301,3.746799469,76.43884285,165.2245443,143.7213135,-0.520347118,1.855836868,163.683537,4.510269165,1.676277193,-0.39590507,1.628853709,107.3752098,150.276626,167.3633629,36.34610367,-0.124442048,0.22698316,36.84775965,4.019320965,-1,320.2202797
16.26275826,1.040510893,1,128.3700714,-0.372131914,-1.866515875,138.2478895,15.62910461,1.514250611,0.70202139,1.341685836,98.01034164,125.0214185,125.3915092,2.966023771,-0.215463832,-2.958187342,-15.19778442,270.7988903,272.0726538,2.61047308,1.092355996,-2.37093401,96.39673996,152.9399106,153.8349892,30.35972977,-1.074153304,3.074983597,50.02609778,6.326123714,2.185247386,-0.917485222,1.98331213,-113.2081261,158.2035619,159.0793368,2.600032288,0.390334606,2.570565462,-1.613601685,59.81136634,65.29707835,143.5678558,-0.156668082,1.091671467,148.0330062,28.14207458,1.433617515,1.307819828,0.587253332,111.5945244,118.2853234,125.8133038,31.97333145,-1.46448791,0.504418135,73.22483137,7.462030888,1,350.5337467
23.50230789,-2.732036352,1,87.08929443,-0.589318097,2.353775263,103.9622673,16.43519974,2.449078539,-2.172312319,1.130948663,47.20640945,78.84956885,167.125855,2.355597999,-0.686354779,-2.253388349,11.18972015,147.2569253,159.6693055,2.855060105,-1.906104863,2.125589907,59.51644707,104.2816485,145.9379421,39.88288498,1.582994223,1.2228266,101.3672225,5.814866543,3.257513047,1.485957541,2.898848295,-36.0166893,115.0133951,143.3916172,1.029649268,0.266207457,0.994641244,12.31003761,33.95116638,56.58017609,75.89957428,0.097036682,-1.676021695,76.26647861,1.189982533,2.261370107,-1.219750084,-1.904207051,48.32672691,88.83016464,97.57386198,27.57284737,1.316786766,0.228185356,55.43409102,5.7264328,-1,253.946909
46.82304764,0.654483497,2,55.45873642,-0.800498664,2.709639788,75.14852168,11.92066288,3.231012415,-3.215629995,0.31490469,18.74992371,23.48998271,254.1466081,2.952973854,-1.822184503,2.323725075,4.556938171,97.60742922,147.6819871,1.084173349,-1.061963171,-0.218325615,16.49170303,19.35399467,62.65912643,36.70881271,2.41513133,2.394735098,207.215332,8.310007095,2.444800539,1.393445492,2.008820385,-14.19298553,74.32105837,160.4783797,2.218696768,2.153666824,-0.533230305,-2.258220673,20.05679527,194.5004047,50.90179825,1.021685839,0.385914713,79.91590019,2.951068163,2.653291952,0.760221332,-2.542050689,11.93476486,85.93335602,100.0464916,38.96703339,0.261464506,2.927965403,40.88000071,6.822912693,-1,228.8594284
12.72193909,-1.404468775,1,65.19093323,0.411015302,1.755837917,72.32188706,14.87628746,1.756566441,0.557970673,-1.665591304,8.503108978,90.3490681,97.22604883,3.16566605,1.39123711,-2.843571846,12.2427597,116.8440828,146.3816082,1.908560993,1.798885018,0.637665868,36.87539673,45.66493294,92.76054952,56.68782425,-0.146955371,-2.861756086,58.64483413,12.48229027,1.442903709,0.833266437,-1.177980542,3.739650726,60.9845046,80.31342875,2.616268719,1.240914345,2.303257171,28.37228775,78.49844521,90.39560992,52.94817352,-0.980221808,-1.683775544,80.75829083,6.595569134,2.831446121,0.407647908,-2.801947594,24.63263702,80.2028335,80.54666153,28.3155365,-1.387869716,1.11817205,60.51287579,5.588931561,-1,215.8644066
16.19666672,-2.787964582,1,153.3700409,-1.493345141,2.213193417,358.7898928,10.91360664,0.884493209,0.865546107,-0.182093859,93.70716476,95.30796954,95.98739761,2.871461319,-0.885889232,-2.731389825,79.82080078,222.7571323,355.2211042,2.622279611,0.484768033,-2.577081744,119.1737518,183.1767066,273.3794799,59.66287613,-2.358891249,2.395287275,318.4579768,5.350880623,3.092965514,-1.751435339,-2.549295966,-13.88636398,127.4775117,294.3345178,2.425068847,-0.380778074,-2.394987885,25.46658707,87.88700834,210.7358752,73.54924011,-0.607455909,-1.338602066,88.5296107,13.18927574,1.379315889,1.370657265,0.154308081,39.35295105,40.10515289,83.95990403,34.19628906,-1.978113174,-1.492910147,126.0129634,3.320280075,-1,336.9751129
55.73936462,-0.553800046,0,57.6176033,-0.830115139,0.873354197,79.12526264,8.785745621,2.934508228,0.27667135,2.921436548,19.37083435,95.30791524,95.32881996,4.012388994,-3.053788006,-2.602622573,-12.5994606,123.2665242,393.942968,0.811886692,-0.801583406,-0.128934264,8.15378952,10.667567,53.18410381,38.24676895,-1.106786489,-2.048082352,64.31938667,4.473942757,3.415879402,-3.330459356,0.759126186,-31.97029495,49.96814369,375.5041315,3.23533544,-1.078254756,-3.050370812,-11.21704483,87.62085658,100.9362385,70.2170639,2.223672867,-2.807208538,328.3691361,9.048030853,3.345378814,2.252204601,2.473688308,20.75325012,113.2734637,341.3971702,49.46381378,-0.028531734,1.002288461,49.63441881,3.861914158,-1,271.2846146
9.957001686,1.818219066,0,56.22472763,-0.801516056,-0.864669144,75.93474247,10.0052557,1.717407036,-0.233094752,1.701515138,14.01302719,74.57722719,78.57385902,2.674223174,1.493649006,-2.218216002,7.100917816,94.37175079,213.2944848,1.782771382,1.240350723,1.280548275,23.43657684,56.40122209,93.15547555,42.21170044,-0.568421304,-2.566184282,49.92921176,8.405144691,2.927039392,1.726743758,2.363454167,-6.912109375,84.54998861,231.978568,1.532401602,1.473445475,-0.420966864,9.423549652,18.1789212,100.5383081,49.12380981,-2.295165062,1.353546858,246.4691981,9.71198082,2.795918542,-0.253298283,-2.784421031,16.33565903,80.66143817,142.2257705,32.78815079,-2.041866779,-2.145217419,128.4924365,3.537363291,1,190.3053904
12.8810854,2.128520727,3,39.20042038,1.594637632,-0.439629912,100.8603252,8.034790993,3.848119336,2.546077967,-2.885395885,5.282516479,72.52237748,148.8149388,1.784140462,1.263780743,-1.259371042,-56.99644852,92.08446918,110.0007457,2.896435553,1.113120228,-2.674004912,5.746318817,70.69045357,103.6797982,33.9179039,-0.951440334,2.445765972,50.70349003,4.928261757,2.07080732,-1.282297224,1.626024842,-62.278965,103.7519994,125.0327236,1.448466093,-1.432957739,0.211390972,0.463802338,7.122613967,54.57015617,96.1968689,0.330856889,0.81974113,101.88432,8.722824097,1.422634028,-0.150660515,-1.41463387,62.74276733,96.80897188,98.06942878,33.45410156,0.481517404,2.234375,38.03550262,6.880828381,-1,215.6503801
2.95927763,0.505618453,0,62.31531906,0.389239043,0.842714369,68.69598784,14.74072266,3.050077137,0.796177447,-2.944328789,16.44462585,107.6723857,116.3379261,2.161819497,-0.94407931,1.944782197,15.78136826,90.37340169,106.9862376,2.335801577,-1.001132756,-2.110379636,32.37083626,81.83698785,87.70194533,45.87069321,-0.406938404,-2.496142149,49.97521411,5.029718876,2.229784023,-1.740256757,-1.394074321,-0.663257599,59.32122638,117.4073352,1.981361945,-1.797310203,0.833949153,15.9262104,33.98277341,82.87916988,46.53395081,1.333318353,-1.102067828,94.80744951,8.790383339,2.228753843,-0.057053447,2.228023473,16.589468,69.02641819,73.66489009,29.9444828,1.390371799,2.953094006,63.89926432,2.19691968,1,187.6237235
16.12118721,-0.500238538,0,72.28516388,1.500204802,3.13519001,170.2530088,7.765022755,1.508100831,1.435902536,-0.461033646,40.49260712,46.03837933,158.7276889,3.048784726,-0.406554103,-3.021556232,0.608398438,143.702723,165.4336503,1.621672893,-0.166447163,1.613108277,36.06970978,82.20808825,102.6668639,31.79255676,0.064302266,-2.686961651,31.91516816,1.904266357,3.154508263,-1.842456639,-2.560522586,-39.88420868,99.78923794,254.2666507,2.620990133,-1.602349699,2.074141924,-4.422897339,58.59252808,107.7308876,71.67676544,1.906758904,-0.126439065,246.6218534,5.48589325,1.665914813,0.24010694,-1.648520797,35.46131134,82.77817981,165.6315583,36.2154541,1.666651964,1.522081733,99.39040101,4.467857361,-1,228.0911274
26.49928856,-2.825006008,1,63.91567612,0.761246502,1.395130277,83.60743777,6.595200539,1.650916659,0.70609526,1.492298663,3.174922943,84.65091665,98.38662403,3.046326235,1.117922127,-2.833787862,-75.71033096,201.47047,226.8935646,1.834450282,1.413160741,1.169694215,33.18487549,59.12557487,95.48442363,60.74075317,0.055151243,-0.097168386,61.57984714,9.560600281,1.999959252,0.411826868,1.957098782,-78.88525391,171.9754525,180.3188158,0.777184164,0.707065482,-0.322604448,30.00995255,33.06332328,41.35165266,139.6260071,-0.356675625,-2.054267168,149.6300968,17.5103302,2.298741537,0.295238614,-2.27970323,108.8952065,161.3272705,163.9808004,30.73080063,-0.651914239,0.225436062,37.52602779,1.512125373,1,321.5125256
6.587038994,0.501342773,1,35.46636581,0.39340958,3.116776943,38.50975066,4.494853973,0.647960295,0.646986246,-0.035515372,1.875759125,2.240758131,23.03414018,2.379593135,0.359183896,-2.352328722,-14.89369965,79.43630435,80.42806848,2.264785931,-0.08688575,2.263118684,-13.80725479,76.92058229,77.60325747,33.59060669,-0.253576666,-3.130892992,35.29504157,6.579499722,2.334620802,-0.28780235,-2.31681335,-16.76945877,77.20583864,77.89428055,2.412941489,-0.733871996,2.298634056,-15.68301392,75.8840736,82.82721378,50.36006546,0.034225684,-0.814079642,50.4430825,2.323014259,1.726362603,-0.446069647,-1.667737901,1.086444855,73.78603355,77.246796,49.27362061,0.48029533,0.853658259,55.57171744,7.472509861,-1,175.2776976
17.40917969,-1.779725552,1,81.99180603,1.052915573,2.53497982,132.3941118,12.54627514,2.005884144,-1.303737164,-1.524414841,50.96054077,86.3114279,104.6155894,2.826397328,0.278634787,-2.812629465,21.08034134,141.0168092,150.0142174,0.593255357,-0.189685106,0.562113404,29.08863449,46.70122676,50.48644547,31.03126526,2.356652737,-2.223790646,165.3481083,5.807385445,2.040440616,1.58237195,-1.288214624,-29.88019943,60.15860026,125.6284306,2.365314378,1.114052057,2.086528246,-21.87190628,73.35474043,107.2906093,60.91146469,0.774280787,-0.935576022,81.10821418,12.74498081,2.945905792,-0.468319893,-2.908442438,8.008293152,113.0459926,117.4855186,52.90317154,1.242600679,1.972866416,99.37455413,4.350600243,-1,244.2468872
81.67991638,1.455464482,3,62.73402786,-0.073391773,-1.647896409,63.37051623,7.682947636,3.035749624,-0.723132886,-2.948364735,27.45407486,97.59283237,101.8613718,1.723398385,0.15035098,-1.716827475,24.34088135,78.16996249,78.27500161,2.091051289,1.863744758,0.94813025,24.43587112,50.98924379,135.4670544,35.279953,0.649741113,1.300468326,43.51911572,6.749005795,1.509853664,0.873483866,1.23153726,-3.113193512,42.6283848,54.05139755,3.519691271,2.586877644,-2.386690323,-3.018203735,68.40777286,169.134467,38.39314651,-0.223742753,0.068931065,39.3733164,1.092433095,3.168235773,1.713393778,2.664957725,0.094989777,74.52374527,142.4925042,38.29815674,-1.937136531,-2.596026659,135.9172706,8.79625988,-1,256.3852005
13.51557541,0.571125865,1,110.4879227,0.44851464,1.949256539,121.9864812,6.944555759,2.889495924,2.413604915,-1.588615123,54.64336777,124.6838923,276.2945745,2.760110583,2.454585254,1.262228847,80.01118279,105.3145167,193.6144968,1.472433534,-0.480994582,-1.391655389,85.29404831,108.8591653,111.5372665,55.8445549,-1.965090275,-2.745313644,203.3873366,9.737306595,2.851138497,0.040980339,2.85084397,25.36781502,85.48977586,119.9185311,2.90129271,-2.894599497,0.196959734,30.65068054,31.52566646,224.491278,30.47673988,-2.006070614,0.687027693,115.491751,6.061190605,3.957364087,-2.935579836,-2.653884236,5.282865524,54.03863292,148.3630943,25.19387436,0.929509223,-2.942273378,36.9172857,1.5674299,-1,235.5186672
12.11275196,-2.929054022,1,166.1042938,0.659700751,-0.888404906,205.4188755,27.43153954,2.916269691,0.145920098,2.912616734,5.835235596,324.2374044,325.7821885,2.458675312,1.732079268,-1.744988739,107.6515617,185.3991192,267.701821,1.975453912,1.820087314,0.767919481,139.7361698,148.2718673,214.9636309,160.2690582,0.513780653,2.482163668,182.3593523,13.05229855,2.271213488,1.58615917,1.625579834,101.8163261,173.5765576,237.0354314,2.720764998,1.674167216,-2.144697253,133.9009342,175.9833407,215.2556496,58.45273209,-1.072378516,0.856583834,95.4250243,1.697220325,2.514448874,0.088008046,2.51290822,32.08460808,81.2723478,89.49271082,26.36812401,-1.160386562,-1.656324387,46.23167726,1.600572348,-1,423.3069601
91.67985535,0.310351998,1,147.3334351,0.142110556,-0.991803467,149.1690261,10.14463234,1.355080058,-1.281197935,-0.441331863,114.9817581,118.8874242,126.1676109,3.10037617,2.096443027,2.284132008,17.1468811,252.5034865,534.673716,1.4591261,-0.408989996,-1.400634199,111.1063194,145.6428145,145.6428155,32.35167694,1.423308492,-0.550471604,71.51255624,8.206007004,4.340116564,3.377640963,2.725463871,-97.83487701,160.3116331,537.9728984,1.296536795,0.87220794,-0.959302336,-3.87543869,31.83324717,52.9043289,130.186554,-1.954332471,3.007249832,468.8296272,9.768419266,3.60956735,-2.505433023,2.5984191,93.95943832,162.283412,498.4350749,36.22711563,0.551100552,0.408830732,42.00702464,3.401648045,-1,437.7786369
71.0859375,1.274241805,2,64.18436432,0.269241512,-1.133551598,67.90126882,13.60246944,3.344015271,-2.223508179,2.497688834,29.76979065,94.00602015,211.2669914,3.091738988,1.555178106,-2.672128558,28.77035141,97.09790589,123.7133314,3.206940779,2.495046318,2.014748875,41.04211235,77.01406469,145.4609096,34.41457367,2.492749691,2.651944876,209.7300605,9.019280434,3.939296657,3.778686285,1.113367915,-0.99943924,36.9053482,268.4106884,4.743204354,4.718554497,-0.482939959,11.2723217,17.5850863,313.0947549,35.41401291,-1.285936594,1.538576961,69.24901197,6.331127167,1.852444624,0.939868212,-1.596307874,12.27176094,42.79635601,63.37249119,23.14225197,-2.225804806,3.134884834,108.5102366,4.688967705,1,228.2411404
61.53854752,0.538385391,0,131.9528351,-1.226294279,-1.088553309,244.8762189,17.61866188,2.650723938,-0.455555677,2.611284439,44.62906647,211.936296,249.3448181,2.355571619,0.010516405,-2.355548143,96.24461365,159.2036821,218.197441,3.864352339,-3.44637537,1.748060584,104.9415188,139.2773209,356.7358685,87.32376862,-0.770738602,2.583347559,115.3054335,13.00014782,1.396426755,0.466072083,1.316352725,51.61554718,85.61999874,87.46104932,3.112901839,-2.990819693,-0.863223855,60.31245232,72.72376332,210.0532396,35.70822144,-1.236810684,1.266994834,66.69860827,1.412488461,4.086643465,-3.456891775,-2.17957658,8.696905136,55.74809469,187.682376,27.0113163,2.220081091,-2.836613894,125.9408131,5.332595348,1,343.5346889
42.98047638,-2.41506052,1,467.3665771,-0.874324441,0.685363173,661.0681581,66.86361694,2.982069893,-1.275633663,-2.695459072,434.9670143,496.7916753,688.0752186,2.934974189,-2.370121121,1.73106885,432.4318581,474.1974441,716.2223744,2.494883572,-2.181001306,1.211477339,442.6850071,459.2691986,682.5806079,32.39956284,0.401309222,-2.902363062,35.35988931,4.717951298,2.155244637,-1.094487458,-1.856657386,-2.53515625,53.93054586,81.18748906,2.542882102,-0.905367643,-2.376248896,7.717992783,53.03083459,60.38977988,34.93471909,1.49579668,-1.045705676,82.05092639,5.463487625,0.552939095,0.189119816,-0.51959151,10.25314903,18.24065058,36.65706305,24.68157005,1.306676865,-0.526114166,49.06032077,3.624790907,1,602.3629055
53.83318329,0.003342132,1,109.5011063,1.68168211,2.926365137,305.3256557,23.12521362,1.929396314,-0.149213791,-1.923617784,78.97932816,123.4172707,227.6571832,2.280420312,1.030927122,-2.034086053,53.39437103,143.6302931,283.9380553,3.089778632,0.966516256,2.934719462,70.72886658,147.6615562,293.7345405,30.52177811,1.830895901,-1.433202386,97.81798569,5.454636574,1.185299883,1.180140913,-0.110468268,-25.58495712,25.98973945,59.59583968,1.809708688,1.115730047,-1.424848061,-8.250461578,45.7237449,77.53709338,56.10673523,0.650754988,-1.322734118,68.42426761,1.293154955,1.315957066,-0.064410865,-1.314379793,17.33449554,59.56365123,60.238327,38.77223969,0.715165854,-0.008354325,49.13173304,1.187288642,-1,288.7350426
79.75547028,-0.191218108,0,79.42926025,0.081296191,1.705878496,80.61044913,12.13459969,1.631878771,1.14097093,-1.166710615,29.74386215,75.32801731,102.5166065,3.398401549,-1.954061046,-2.780427758,34.2963829,122.6913857,204.2816306,2.562413387,-1.891208187,-1.728957478,54.20994186,87.04036159,119.8766017,49.6853981,-1.05967474,2.872589111,81.01195563,10.77924156,3.490459275,-3.095031977,-1.613717143,4.552520752,68.54233321,242.7478528,3.083866361,-3.032179117,-0.562246863,24.46607971,31.37473245,155.1696675,45.13287735,2.035357237,-1.796879053,175.7555768,4.662631512,1.053347156,0.062852859,1.05147028,19.91355896,39.28363645,89.93826967,25.21931839,1.972504377,-2.848349333,92.55584479,5.358142376,-1,279.2223244
26.29117584,1.595705152,3,91.72675323,-1.731511593,0.545885682,267.4605409,11.58876514,1.409189585,0.460302591,1.331892192,60.57244682,89.62095151,144.4403639,1.580476194,-1.064388394,1.16832459,20.99607086,91.29123675,220.0387979,0.9407166,0.563047409,0.753608212,61.21889305,72.54806328,124.5095694,31.15430641,-2.191814184,-0.78600651,141.234058,3.975154877,1.533439586,-1.524690986,-0.163567603,-39.57637596,40.31269269,95.82504911,0.587340497,0.102744818,-0.57828398,0.646446228,17.59264442,21.34328765,70.73068237,-0.667123199,-0.622438908,87.65371309,10.16238689,1.679445435,1.627435803,-0.414716378,40.22282219,44.538895,108.573262,30.50786018,-2.294559002,-0.20772253,152.8876598,3.032019854,1,250.410778
26.25699806,-1.072698832,2,54.92115402,-0.856360078,2.15913105,76.45836386,4.587309361,0.502964955,0.405096412,0.298111796,8.185283661,17.12969899,28.58807907,3.07798962,-0.892182451,-2.945849721,4.053943634,105.2828499,118.6991192,1.293183698,-0.0643695,1.291580677,28.3065052,54.02753486,61.62535605,46.73587036,-1.26145649,1.861019254,89.29103032,5.513290882,3.304514139,-1.297278862,3.03922379,-4.131340027,97.4754853,124.6581221,1.098807835,-0.469465911,0.993468881,20.12122154,39.17675939,65.53097422,50.86721039,0.035822373,-1.178204536,50.99281835,3.077767849,2.206895428,0.827812951,-2.04575491,24.25256157,67.33508975,71.88732759,26.61464882,-0.791990578,0.867550373,35.52373692,2.87525773,-1,205.3958817
71.41385651,-2.509941101,1,92.25414276,-0.201031551,2.134307384,96.60000222,21.72834969,2.198538679,-0.227654135,2.186720356,51.68126297,120.3401999,121.9503316,3.408292962,-1.961135969,-2.78754491,55.2906723,127.5703374,177.1587632,1.565217231,0.845043913,1.317499816,65.80973625,89.37236339,90.51235151,40.57287979,0.026622584,-0.052412972,40.97980753,5.658536911,2.172148922,-1.733481834,1.308920041,3.609409332,47.28556453,113.4949785,1.380661236,1.072698047,-0.86922054,14.12847328,30.99169609,46.05820612,36.96347046,1.760104418,-1.361333013,110.69913,4.327735424,3.552315008,2.806179881,-2.178140581,10.51906395,56.40279175,148.3847716,26.44440651,-1.046075463,0.816807568,42.66237779,5.687318325,1,267.648756
4.871151924,-2.19217968,0,40.30117035,1.145898581,-0.361993194,69.97937575,5.204186916,2.478261954,-0.614170194,-2.400953412,0.288990021,74.86911968,93.42242248,4.211519067,3.072457433,-2.880433679,-31.7313385,111.4539475,319.1051558,3.111900793,3.025829673,0.726829648,16.05954742,27.41709573,137.3159441,40.01218033,1.760068774,2.038960218,119.8085048,4.228754997,3.71767731,3.686627626,-0.479480267,-32.02032852,40.9306744,357.239237,4.799231803,3.639999866,3.12778306,15.7705574,64.25236384,200.9766515,72.03250885,-1.926558852,2.518440485,252.5299145,1.064975858,2.676328192,-0.04662776,-2.675921981,47.79088593,94.32307815,189.5867398,24.24162292,-1.879931092,-1.088822842,81.28795981,1.274568439,-1,181.4586344
11.81616402,2.245685339,1,151.6086273,0.21583353,-0.521538258,156.9148277,23.44382858,0.812538626,0.561412707,0.587396622,71.88768768,96.01836605,113.7985017,3.308572953,2.195873961,-2.47483182,-81.62324524,364.6313954,935.5157646,3.461051385,2.190782651,2.679430548,125.8379955,175.0532163,214.5470917,79.72093964,-0.345579177,-1.108934879,85.31457256,11.55212688,3.47112469,1.634461254,-3.062228441,-153.5109329,312.7657428,859.3863644,2.651688588,1.629369944,2.092033927,53.95030785,95.21347,114.1500134,233.2318726,-1.980040431,1.953293562,860.8607318,13.56650162,1.12893442,-0.00509131,-1.128922939,207.4612408,223.4292272,770.5884302,25.77063179,-1.974949121,3.082216501,94.7971975,5.406128407,1,502.1482353
25.1568203,1.580207944,0,111.0997543,2.351912498,-0.380535871,588.8969968,5.115738869,2.224827512,0.752028823,2.093874425,23.06266785,172.8171304,407.6339337,3.078893043,1.448880613,-2.716675788,48.36244202,170.2341496,541.1017179,2.179618969,1.765463531,-1.278232127,70.89089203,106.6918692,563.5359332,88.03708649,1.599883676,-2.474410295,227.5983288,17.96588135,1.62918892,0.69685179,1.472635094,25.29977417,102.9752846,177.3871927,3.082438876,1.013434708,2.911078755,47.82822418,127.5137557,223.9938652,62.73731232,0.903031886,2.336139917,90.1072066,0.799703836,1.472869617,0.316582918,1.438443661,22.52845001,69.90655308,80.40190856,40.2088623,0.586448967,0.897696257,47.3236792,-6.74E-07,-1,327.2398357
74.93935394,-2.03749609,1,76.65498352,2.141771793,0.31807816,331.3180064,17.76757622,0.934786489,-0.039938927,-0.9339329,25.69251633,61.86209247,116.665036,2.737939952,2.023193151,1.844723463,34.60441589,96.89262131,331.3246387,2.003168317,0.646646023,1.895925164,51.25472832,88.1195731,282.1578402,50.96246719,2.18171072,1.252011061,228.8791355,9.634613991,3.460844573,2.063132077,2.778656363,8.911899567,91.49987819,236.3567432,2.911957342,0.686584949,2.829858065,25.56221199,75.5412946,185.2349415,42.05056763,0.118578643,-1.526645303,42.35393286,0.790860176,1.377499042,-1.376547128,0.051201701,16.65031242,16.7341694,51.58534197,25.4002552,1.495125771,-1.577847004,59.62810105,4.072086334,-1,270.0076275
16.45242882,-1.248282671,1,58.80262375,-1.431740403,2.443282604,130.3042251,7.345676422,0.640192411,0.486791253,-0.415789127,4.265346527,23.7627562,69.83915469,4.32565505,-3.387993097,2.689385504,-19.24409103,133.4359133,408.9190596,3.218889683,-2.405475795,2.138910234,1.014888763,102.2437684,208.4415984,54.53727722,-1.918531656,2.859071732,189.9208183,8.533925056,4.965487212,-3.87478435,3.105174631,-23.50943756,132.5627034,471.2373466,3.858976225,-2.892267048,2.554699361,-3.250457764,107.5275217,269.6792318,78.04671478,1.956252694,-0.246102899,281.6693752,9.148287773,1.126216352,0.982517302,-0.55047527,20.2589798,41.74851946,209.1026814,57.78773499,0.973735392,0.30437237,87.57977099,5.320669651,-1,265.6267796
105.7414551,1.070816755,2,98.11250305,-0.215759307,-1.572951555,102.9124534,22.57874489,2.565680253,1.987991542,-1.621913929,57.46223831,108.1021476,193.5494741,1.639269105,0.182848781,-1.629039448,64.91566086,105.3910706,105.6754588,0.667585153,0.026478454,-0.667059839,74.72639084,81.0413473,82.53155613,40.65026474,-2.203750849,0.048962373,186.4707899,6.203309536,1.805156824,-1.80514276,-0.007125519,7.453422546,7.458017401,168.4596948,2.181577393,-1.961513087,0.95485409,17.26415253,33.18009008,179.2572394,33.19684219,-0.398608088,0.056087893,36.38982079,6.133220196,0.974605791,-0.156370327,0.961979609,9.81072998,27.58552971,28.68488151,23.38611221,-0.242237762,-0.905891716,24.40155572,3.975023508,1,301.0871773
13.92239952,1.177632332,1,100.3336487,0.527066231,-1.900012493,114.9507064,9.028997421,1.582174472,-0.496797204,1.502154652,65.9416008,103.8089836,104.7051152,2.394121497,0.900817961,2.218185012,50.65490341,136.1878009,155.1699559,1.400507184,0.670868471,-1.229372144,67.36200714,94.54431911,112.041926,34.39204788,1.023863435,2.881018162,54.58176042,7.604607105,1.570359075,1.397615165,0.716030359,-15.28669739,32.75462648,68.97223084,2.970636593,1.167665675,-2.731526796,1.420406342,65.95334253,80.67069041,49.67874527,-0.37375173,2.164987803,53.26235227,2.791573524,2.844936517,-0.229949489,2.835628152,16.70710373,81.72478029,82.95698829,32.97164154,-0.14380224,-0.670640349,33.47884176,3.326781511,1,231.2984829
36.69717789,1.18147409,3,280.829895,-0.440169007,-2.063964844,308.8500071,15.17027283,2.576036046,-2.574373633,-0.092531681,172.7307587,173.4809893,603.456933,3.197379321,1.012797683,-3.032733977,125.2050171,435.8616489,474.2307508,3.285698475,-2.403880626,-2.239904553,211.8782196,328.0881685,493.3681891,108.0991364,2.134204626,-1.971433163,463.2041346,8.149128914,4.638166404,3.587171316,-2.940202296,-47.52574158,262.431617,808.6203399,2.154130478,0.170493007,-2.147372872,39.14746094,156.7371729,261.6528841,155.6248779,-1.45296669,0.968769133,351.1794391,13.82170582,3.507459075,-3.416678309,0.792829424,86.67320251,117.9460541,567.7245664,68.95167542,1.963711619,0.175939709,250.921925,14.48313904,1,650.2027626
73.22065735,-0.502248943,0,85.71246338,0.451464742,2.6404984,96.0549421,16.6731739,0.881987251,0.544989005,-0.693461243,29.98390961,55.72677823,71.7806818,2.797224247,0.919178069,2.641888561,-1.513893127,167.5693174,186.6999066,1.357017015,0.246286884,1.334480405,33.21208954,89.41947549,94.05907338,55.72855377,-0.093524262,-2.949225664,56.75567771,9.396345139,2.971489796,0.374189064,-2.947835503,-31.49780273,142.3172013,147.0686796,2.049822013,-0.298702121,2.027941648,3.228179932,91.89538899,93.28943278,87.22635651,-0.467713326,-0.001390161,97.23340761,7.519851208,1.470407642,-0.672891185,-1.307408156,34.72598267,89.33192951,103.9468237,52.50037384,0.205177858,1.306017995,53.76513452,4.090093613,-1,354.3884048
10.48336315,1.299131036,0,66.32408142,-0.568429232,1.852095366,77.97458866,9.999452591,2.935950401,0.265000999,-2.923966352,27.27627182,104.7905636,104.8431332,2.842606454,-1.460723042,-2.438585583,37.01519775,90.68560951,114.2711703,1.389034357,-1.349811733,0.32775712,41.51476669,43.57363514,75.1135418,39.0478096,-0.833430231,-1.50712359,54.0234929,8.101226807,1.792684567,-1.725724041,0.485380769,9.738925934,18.95310331,68.86685486,3.434731578,-1.614812732,-3.031461835,14.23849487,63.76515062,86.10562399,29.30888367,0.892293811,-1.992504358,42.52585997,7.974063873,2.768565201,0.11091131,2.766342703,4.499568939,53.17504838,53.82570943,24.80931473,0.781382501,1.524338245,33.08884372,4.536670685,1,169.9734526
44.12016678,-0.540901482,2,211.7341766,2.146587133,2.616545916,918.6716951,31.501194,3.815648571,2.993488371,-2.366051857,110.1556091,293.0261534,1032.521952,1.81755807,0.533126354,1.737611473,147.6870117,231.1640073,774.3103316,2.84008692,1.912762389,-2.099388901,149.5774498,248.9361218,913.2976175,101.5785675,-0.846901238,-1.300587535,140.5809821,9.831114769,3.286897824,-2.460362017,-2.179521978,37.53140259,147.8532789,291.3706221,1.113138707,-1.080725983,0.266662955,39.42184067,44.72578179,119.9990099,64.04716492,1.613460779,0.878934443,167.5143828,11.15816879,2.808418828,1.379636034,2.446184933,1.89043808,118.6532936,183.3020908,62.15672684,0.233824745,-1.56725049,64.87229153,11.39504051,-1,483.6368027
6.199664116,1.902406096,2,75.39650726,2.120630264,2.853240013,318.8681811,7.084323406,2.273099078,0.054859877,2.272436976,42.20531464,100.0843355,206.7284952,2.25416575,1.222677588,1.893758893,19.34537888,107.2794169,274.227209,0.656883822,0.652540326,0.075415373,49.87355614,49.9831078,262.0983821,33.19119263,2.065770388,0.580803037,133.3244775,8.312722206,1.227678826,1.167817712,-0.378678083,-22.85993576,28.0389094,76.78818901,2.276867551,0.597680449,-2.197021604,7.668241501,52.40299988,92.64641706,56.05112839,0.897952676,0.95948112,80.72036969,9.076227188,1.905631039,-0.570137262,-1.81834352,30.52817726,67.03891047,67.21892556,25.52295113,1.468089938,2.77782464,58.58040336,5.339597225,1,196.3614435
119.8957825,-1.802254558,1,48.75806808,-1.659028292,0.628676593,133.2131523,11.30842113,2.758557513,0.74141717,-2.657054786,5.982028961,88.87254631,141.7868541,2.631157192,-0.899119556,2.472766101,-58.8430748,148.9547479,152.6941502,2.453425381,-1.56742432,1.887452543,-18.68447495,94.73004151,150.7483184,42.77603912,-2.400445461,-2.997453928,237.9103688,6.965745449,2.005395281,-1.640536726,-1.15336442,-64.82510376,98.36541244,174.4413401,2.890285476,-2.308841489,-1.738677979,-24.66650391,85.6877723,243.3294507,107.6011429,-0.759908736,-1.844089508,140.3554284,6.750456333,0.888382361,-0.668304764,-0.585313559,40.15859985,63.47199794,105.0289966,67.44254303,-0.091603972,-1.258775949,68.41252278,9.669645309,1,386.4735756
18.95502281,0.713513255,0,43.0270195,0.656289101,0.38977766,53.61415483,10.22228909,2.789230876,0.186107397,-2.783015076,3.560470581,81.17374346,81.92396378,2.521962688,1.059343547,2.288686752,-5.09336853,83.01086674,97.02706303,2.411984216,2.210314155,-0.965494275,5.242980957,37.79997275,121.70289,39.46654892,0.470181704,-3.11039257,44.023745,3.163118124,1.493396663,0.87323615,-1.211483479,-8.653839111,50.37442885,63.81264099,2.720440196,2.024206758,1.817520801,1.682510376,60.93958633,121.0762091,48.12038803,-0.403054446,-1.898909092,52.24923394,4.174083233,3.240308669,1.150970608,3.02900428,10.33634949,85.77031713,107.8899515,37.78403854,-1.554025054,1.355271935,93.58843979,6.508393288,-1,187.3530178
62.33306122,-2.888937712,2,103.0146713,0.604377627,1.569388866,122.5153735,5.11417532,1.738214805,-1.425339341,-0.99488616,23.55097198,89.50093382,247.8225888,2.015182143,0.736094147,1.875932962,-9.041885376,173.5066378,191.44966,2.729784129,-0.143706322,2.725998878,64.44612503,139.1739801,143.3863413,79.46369934,2.029716969,2.564275026,307.8838497,11.84783936,3.593521553,2.161433488,2.870819122,-32.59285736,189.8186766,365.2217105,2.864954775,1.281633019,-2.562300269,40.89515305,113.7170541,288.9170631,112.0565567,-0.13171652,-0.306544095,115.267219,22.59974289,1.223380941,-0.879800469,0.850065917,73.48801041,91.32319091,102.4449145,38.5685463,0.748083949,-1.156610012,50.3907313,7.202239037,1,395.4365349
24.16859627,0.681881487,1,79.46721649,0.988730431,-0.410691619,121.7002193,5.416520596,1.443505612,-0.866554618,-1.154465914,44.1255188,72.74967031,74.99196814,2.767750745,-0.034621358,2.7675342,5.02772522,151.2256118,151.2366373,1.798011056,1.56276077,0.889169574,48.99069977,64.74570379,128.0584489,35.34169769,1.855285048,0.743774295,115.9304592,6.593571663,2.5034593,0.83193326,-2.361185193,-39.09779358,102.6125413,104.5486717,3.174589621,2.429315388,2.043635488,4.865180969,56.20411792,140.4245325,74.43949127,1.023351789,3.104959488,116.9963518,3.61499238,2.465741944,1.597382128,-1.878364627,43.96297455,88.56461395,140.1801101,30.47651672,-0.57403034,-1.299861193,36.08780598,5.685740471,-1,243.8935184
35.04021835,-2.214090347,0,83.21376038,0.534295976,-0.083414882,96.68505329,15.85237694,1.240550521,0.012964368,-1.240482777,16.96455383,87.96259734,88.58503924,3.291863488,-1.456364214,2.952180296,8.717079163,157.0058611,271.0746836,2.946515092,1.685742795,2.416655213,58.08489609,103.3754736,132.1805036,66.24920654,0.521331608,1.157067895,75.92961534,8.451519012,2.555231827,-1.469328582,-2.090522234,-8.24747467,121.8232968,261.561444,3.113569042,1.672778428,-2.626047317,41.12034225,88.97860541,114.3909211,74.49668121,1.990660191,-3.035595179,277.7613683,0.943347871,3.187416442,3.14210701,-0.535525084,49.36781693,54.41822401,308.1913096,25.12886429,-1.151446819,-2.500070095,44.13976606,6.137646198,1,284.1287308
10.51120663,-2.988945007,0,65.66065979,-1.051137209,-0.693610966,105.6076012,6.620253563,2.126601161,-1.940854371,-0.8692047,35.02062607,51.5083191,124.5967579,2.526433395,-0.866280407,2.373272836,-52.734375,171.7812617,182.1030992,1.595199861,0.291220188,-1.568391979,15.04439545,82.80909846,83.1775997,30.64003372,0.889717162,0.175593734,43.95624397,5.672367573,3.224998132,1.074573964,-3.040707771,-87.75500107,148.9112549,158.0664646,2.339021096,2.232074559,-0.699187279,-19.97623062,33.56831218,125.832533,118.3950348,-0.184856802,-3.066883802,123.262709,26.30261421,2.611996524,1.157500595,2.341520492,67.77877045,157.8895141,172.0126671,50.61626434,-1.342357397,0.874781013,103.7219794,6.900303841,-1,275.8231993
21.94259071,-2.429563284,0,80.83667755,-1.743951797,-0.864478886,238.4884402,10.54428482,3.38231235,-1.450735122,3.055389408,21.44674301,140.099427,249.5050002,1.925901534,-0.735879898,-1.779768944,23.13647079,108.6238643,189.7581417,1.788346941,-0.771783233,1.61323756,56.32175446,85.46175401,214.1467127,59.38993454,-0.293216676,2.363317013,62.48074171,8.039663315,1.614868432,0.714855224,1.448026955,1.689727783,77.57045366,92.76032363,1.593981688,0.678951889,-1.442151848,34.87501144,61.27463546,62.10201668,57.70020676,-1.008071899,0.915290058,89.82700291,6.571164131,2.8904018,-0.035903335,-2.890178804,33.18528366,81.67244029,91.27943665,24.5149231,-0.972168565,-2.477716446,37.18704013,3.289884567,-1,244.3843327
84.60285187,-1.15116179,2,79.45241547,-1.068133593,-1.196982145,130.0313288,14.20688248,2.735978618,-0.137920201,2.73250014,29.64593124,126.7074449,135.7232282,3.153130318,-1.291949973,-2.876299024,12.28057861,145.3452781,186.6542144,0.759718911,0.73570025,-0.189520359,49.53326416,50.38522951,52.17922823,49.80648422,-0.930213392,2.353703022,73.70499319,10.49102974,1.336630609,-1.154029772,0.674386144,-17.36535263,42.02761389,80.33743513,3.04982237,0.87362045,-2.922020499,19.88733292,79.27560329,86.68922049,67.17183685,0.22381638,1.679316878,69.03575764,4.904571056,3.366028077,2.027650222,2.686778665,37.25268555,94.9634346,140.4973493,29.91915131,-1.803833842,-1.007461786,93.44730221,5.04299736,1,310.9527397
8.009346008,2.876704693,0,110.0139542,-1.382688403,2.447206736,233.1240645,6.357988834,2.152078095,-0.233626127,2.139359474,57.23962021,145.3969082,195.399359,2.945193893,-0.44363445,-2.911589865,13.7233429,204.9478961,228.53848,2.877628077,-0.456689239,2.841157913,76.57831192,142.2963862,221.5827,52.77433395,-1.149062276,0.307847261,91.72783784,4.433343887,1.250003591,-0.210008323,1.232235968,-43.51627731,93.17437959,97.70730569,0.736395411,-0.223063111,0.701798439,19.33869171,34.75587158,52.47506131,96.29061127,-0.939053953,-0.924388707,142.7302834,14.81581402,0.530598153,-0.013054788,-0.530437529,62.85496902,69.53824639,97.77213917,33.43564224,-0.925999165,-0.393951178,48.82909806,0.647145092,-1,300.5238876
13.38807201,0.844908893,1,146.1542206,-1.756255627,-2.655860901,436.1080797,16.69610596,2.951698847,-1.377956271,2.610318486,113.1487312,175.4091583,434.7226854,2.068405606,0.529616117,-1.999452055,61.64521027,196.9021806,196.9034106,3.037104581,0.516778469,2.992815439,73.59376526,218.1783758,226.8297493,33.00548935,-0.378299356,1.01700592,35.97043879,6.405526161,2.537547911,1.907572389,1.673414767,-51.50352097,93.82212019,409.3558185,1.932957231,1.89473474,0.382496953,-39.55496597,43.71185805,338.5490244,84.50901031,-2.285871744,-0.656408846,419.9067511,7.5837183,1.290981645,-0.012837648,-1.290917814,11.94855499,94.96837351,113.8234423,72.56045532,-2.273034096,0.634508967,356.1505866,11.1883688,-1,349.6172476
38.39643097,1.920738339,0,87.69786835,1.979825377,-1.739553332,323.7894461,11.46634769,2.632290278,2.275266856,-1.323673993,52.26034546,86.17603584,333.4273318,2.107991651,0.201166749,2.098370973,23.57422638,132.1550056,183.3023271,3.711872671,2.690912008,-2.556754053,43.73842621,126.6972967,367.9383412,35.43752289,-0.295441478,-0.415879339,37.45234798,5.832564354,3.533838607,-2.074100107,-2.861140341,-28.68611908,98.66540978,218.6078741,1.301248372,0.415645152,-1.233080059,-8.52191925,46.43209755,51.96732067,64.12364197,1.778658628,2.445261002,195.3001393,2.716552734,2.974796083,2.489745259,1.628060281,20.16419983,79.79306611,232.5327815,43.95944214,-0.711086631,0.81720072,56.23426801,8.748210907,1,269.6149063
17.78289223,-2.934196472,1,37.38434601,-0.914294183,-0.156963766,54.48443649,6.212975025,0.744814089,0.074603677,0.741068363,4.626651764,25.76290375,25.79117926,3.018445866,0.511403263,-2.974807918,4.038669586,70.48502927,75.20358718,1.424808024,-1.380524635,-0.352462247,8.955692291,14.52146118,54.8426078,32.75769424,-0.98889786,-0.898032129,50.4475889,5.709356308,2.60420228,0.436799586,2.567309026,-0.587982178,63.39713658,69.07536863,1.820221855,-1.455128312,-1.09353061,4.329040527,32.0266284,60.79719258,33.34567642,-1.425697446,2.817844152,73.66836398,6.525074959,3.23358748,-1.891927898,2.622345671,4.917022705,59.71741093,99.11431774,28.42865372,0.466230452,0.195498481,32.12225341,5.905128479,-1,149.6992626
45.15083694,0.251148492,1,44.48205185,-0.369294614,1.193310738,48.63398792,10.21145439,1.103454097,0.77223435,0.788203686,5.575035095,32.43079862,49.88507729,3.106012023,-1.188536912,2.869615078,-56.98554611,144.8084339,181.5753269,1.788712234,-0.488273785,-1.720778942,8.902435303,60.97151352,64.50167215,38.90701675,-1.141528964,0.405107051,68.2102919,12.08170033,2.859527465,-1.960771263,2.081411391,-62.56058121,125.1723641,193.4154595,2.807823817,-1.260508135,-2.508982629,3.327400208,70.79901073,92.1287086,101.467598,0.819242299,-1.67630434,137.8394327,10.14562416,1.831914515,0.700263128,1.692791287,65.88798141,111.5358524,142.3808325,35.57961655,0.118979171,2.91408968,36.00949658,3.573478222,1,265.5871201
168.6499786,0.585467458,1,44.49161148,1.374373794,-2.299099445,93.91305118,8.170763969,2.259210364,-0.742902398,-2.133571535,9.712673187,69.57178052,91.92716356,3.194225462,1.404480821,-2.86888653,-59.6794014,147.506026,170.4628314,3.260506512,1.86197418,2.676556532,6.316135406,80.45561913,129.6462755,34.77893829,2.117276192,-0.16552791,146.6289124,4.050153255,2.26978916,2.147383219,-0.735314995,-69.39207458,81.77691071,166.9270135,2.992537321,2.604876578,-1.47305724,-3.396537781,49.06951888,169.0271324,104.1710129,-0.030107027,0.569787085,104.2190911,0.424031496,0.868080523,0.457493359,-0.737742245,65.9955368,80.14625704,81.77189184,38.17547607,-0.487600386,1.30752933,42.81213044,0.819060326,-1,390.2670174
23.48146057,-0.938936055,2,95.47646332,2.006826639,2.642547131,361.7470986,11.20715523,1.9648623,0.912595391,1.740072846,47.52666855,113.8308756,307.0369404,1.565111811,-0.084461451,1.562831163,47.23041916,106.6304635,189.3205091,2.984608658,0.751347184,2.888488576,52.72790909,137.2810323,311.6786765,47.94979477,1.094231248,0.902474284,79.83144722,5.568538666,1.012687988,-0.997056842,-0.177241683,-0.29624939,8.518914194,129.0021353,1.159680849,-0.161248207,1.148415729,5.20124054,49.45779209,49.74518974,48.24604416,2.09128809,1.079715967,198.3297283,5.112028122,1.567145063,0.835808635,1.325657412,5.497489929,56.16087479,135.5614848,42.74855423,1.255479455,-0.245941445,81.37484279,6.635725021,-1,257.902317
26.60896301,0.204930693,0,60.05595016,-0.852253914,1.126327634,83.43632296,6.019604206,2.366748507,0.559564233,-2.299649183,7.108356476,103.1783596,112.394626,3.229158678,-1.229507357,-2.98592991,23.01123047,96.82324638,120.6100885,2.638244622,-0.516155034,2.587260842,36.28471756,81.23691211,95.11273198,52.94759369,-1.411818147,-2.85720849,115.5250327,10.07945347,1.916183287,-1.78907159,-0.686280727,15.90287399,33.77875741,121.288861,1.762599389,-1.075719267,-1.396275282,29.17636108,54.14269265,108.5128081,37.0447197,0.377253443,-2.170927763,39.78489441,2.403328419,1.006461029,0.713352323,-0.709994555,13.27348709,24.53062615,33.25278913,23.7712326,-0.33609888,-1.460933208,25.46715486,4.1512146,1,200.4284592
47.61592484,-2.854249716,0,102.6741486,-0.97891295,-0.263994724,157.8488666,24.56880188,0.914211254,0.562756419,-0.720477223,36.5495224,68.63138627,74.92386434,2.98758931,-0.759427935,-2.88945654,11.95604706,191.8633672,215.1147436,1.955742846,0.429993868,1.907887667,56.1418457,125.9666595,129.0068707,66.12462616,-1.541669369,0.4564825,162.1442677,13.80023861,2.540205256,-1.322184354,-2.168979317,-24.59347534,139.1347525,188.6053141,2.63171577,-0.132762551,2.628364891,19.5923233,109.081374,123.4942536,90.7181015,-0.219485015,2.625461817,94.82717897,18.96191406,1.90327297,1.189421803,-1.485841099,44.18579865,98.3801039,120.4153785,46.53230286,-1.408906817,-2.171882391,101.0897481,6.516629696,-1,353.6651039
12.86682606,1.41286397,0,70.29109192,-0.756340683,-1.256480575,91.67264247,7.405530453,2.088076899,-0.857379057,1.903934423,24.00437927,95.97489901,114.8403418,3.100124845,-0.635052234,-3.034383416,-14.3208847,154.6824714,161.9861641,1.464641943,-1.40417397,-0.416499078,22.88334656,33.06668349,97.09022806,46.28671265,0.101038374,3.122770309,47.36599292,8.895568848,1.363120582,0.222326823,1.344867468,-38.32526398,86.87348748,88.15425982,2.383987482,-0.546794914,-2.320433501,-1.121032715,85.90864355,90.42534752,84.61197662,-0.121288449,1.777902842,85.58638108,7.74639225,2.728528294,-0.769121736,2.617884338,37.20423126,127.8825745,134.9801942,47.40774536,0.647833288,-0.839981496,57.87593078,4.395080566,1,261.4643526
50.8707962,-1.286214828,1,119.0018234,-0.926623225,2.002948761,174.0551649,8.387773514,2.199138465,-0.119639337,2.195881695,59.85668945,160.9249136,176.9822516,3.386967581,-1.692340672,-2.93385965,57.3150177,179.8130664,253.5288244,2.688031502,-0.673632979,-2.60225517,83.94074249,150.1693907,190.8458676,59.14513397,-0.806983888,-0.192932934,79.69765902,5.999200344,1.950339064,-1.572701335,1.153443962,-2.541671753,65.92156484,124.0365064,1.585016667,-0.553993642,1.485048443,24.08405304,66.12285881,79.48861559,61.68680573,0.765717447,-1.346376896,80.80008022,4.546635628,1.071320164,1.018707693,0.331604481,26.62572479,30.73407488,68.26285292,35.06108093,-0.252990246,-1.677981377,36.50262791,4.773949146,-1,325.7656403
29.49070549,-2.563468218,3,95.03095245,1.925804257,-2.850878239,333.3781433,17.59492683,2.525038159,1.575181514,-1.97347939,17.29135895,144.445858,325.0952822,3.256176657,2.538581669,2.039188449,-43.81865692,200.5590393,456.0402824,2.162078559,0.91278863,-1.959949136,69.92967987,107.1028391,308.2604928,77.73959351,0.350622743,-0.877398849,83.03538072,8.804676056,2.466452804,0.963400155,-2.270517468,-61.11001587,198.0544609,230.7103442,0.662531057,-0.662392884,0.013530254,52.63832092,52.64171403,52.68710312,138.8496094,-0.612777412,1.39311862,167.7877848,26.10646057,2.803582888,-1.62579304,2.284047723,113.7483368,156.4293018,197.4691169,25.10127258,1.013015628,-0.890929103,39.44068961,5.01520586,1,366.2121334
50.60809708,-2.07610631,1,133.3378601,0.411780596,0.62877959,145.480178,14.01939011,3.648129694,2.184672236,2.921653211,95.43723679,170.5260773,237.1660338,1.956189354,-1.865781069,0.587824628,87.56908417,98.57503039,191.6636021,2.692199368,-1.035167098,2.485229671,105.7771263,156.0807416,156.0849408,37.90062332,-1.772891641,-2.292873621,114.818474,2.310848475,4.674711524,-4.050453305,-2.333828583,-7.868152618,76.99966446,338.0853553,3.249281589,-3.219839334,-0.43642354,10.33988953,17.39913299,164.6061672,45.76877594,2.277561665,0.040954962,225.5596176,3.339087963,2.071247321,0.830613971,1.897405043,18.20804214,60.5292126,176.2367244,27.5607338,1.446947694,-1.856450081,61.81554732,0.783085763,-1,295.1760902
35.03460693,-2.10201335,1,53.72501373,1.000721931,0.807622612,83.20230404,6.504914284,2.072556326,-1.359392643,-1.564462006,12.22561646,67.67814878,168.7899785,2.943677433,-0.739622235,2.849244773,13.01424408,93.44791,105.6282511,2.801921162,0.105563343,-2.799931888,13.96369171,92.15612189,94.90049487,41.49939728,2.360114574,2.372084618,222.0011866,10.6995821,1.969534291,0.619770408,-1.869478528,0.788627625,66.13515289,124.418311,1.916372059,1.464955986,-1.235469882,1.738075256,47.08673332,183.4315406,40.71076965,1.740344167,-2.041622162,119.7254573,5.83684063,1.056553654,0.845185578,0.634008646,0.949447632,25.10110201,76.15532892,39.76132202,0.895158589,-2.675630808,57.61434587,9.74354744,-1,210.7311096
15.95008183,0.947577536,1,69.51564026,-0.272460401,0.005999877,72.87150294,10.4944334,3.311976909,1.379128754,3.011178328,4.897407532,133.8491876,195.963704,2.572400446,1.823124945,-1.814789103,1.153182983,108.6367469,276.7356432,1.845062682,-0.229511544,1.830732299,41.33771706,81.44519162,83.40297581,64.61823273,-1.651589155,-3.005178452,174.9983185,10.28897667,1.523357002,0.443996191,1.457217876,-3.744224548,88.58691114,142.3218239,1.99528856,-1.608640298,-1.180446029,36.44030952,59.86511229,171.8585517,68.36245728,-2.095585346,1.82078898,282.3123849,10.83451176,3.342242874,-2.052636489,-2.637663905,40.18453407,94.0273047,288.2523329,28.1779232,-0.042948857,-1.824732423,28.68104992,5.209775448,-1,246.6243353
29.75501823,-2.939484596,0,96.54398346,0.016027361,3.031724691,97.46713394,13.29311752,0.930139487,0.804641753,-0.466595236,38.48435593,51.76295393,73.53467529,2.909592265,0.969559282,-2.74329764,-5.751228333,194.912576,226.0845721,1.836393697,-0.039438173,1.835970163,26.43972015,133.3525369,133.3731177,58.05962753,-0.788614392,-2.784865379,77.49068528,8.07392025,2.282667656,0.164917529,-2.276702404,-44.23558426,146.7687229,159.4545529,2.452402565,-0.844079927,2.3025654,-12.04463577,117.1532032,129.2402845,102.2952118,-0.953531921,-0.508162975,152.9391804,12.44590092,1.980255217,-1.008997455,-1.703917503,32.19094849,131.4632867,175.9210342,70.10426331,0.055465534,1.195754528,71.0220372,10.69519043,-1,356.7581043
28.6253624,-0.788890302,4,38.60669327,-0.957269073,-0.853603423,57.77628255,3.186969519,1.261549248,0.440576315,-1.18211633,7.475030899,39.35356372,42.58585192,1.944325053,-0.156760454,1.937995374,-22.05282593,82.77393447,83.50793738,1.967124129,0.575379968,-1.881094158,1.564865112,61.12193404,72.44758722,31.13166237,-1.397845387,0.328512907,67.05330433,5.425260544,3.176776394,-0.597336769,3.120111704,-29.52785683,91.78643508,91.93512289,0.711858152,0.134803653,-0.698977828,-5.910165787,23.99516311,32.97621984,60.6595192,-0.800508618,-2.791598797,81.26683038,4.250989914,2.570563671,0.732140422,2.464095775,23.61769104,92.48272357,96.5840816,37.04182816,-1.53264904,1.027490735,90.02915544,6.961988449,1,196.0650654
